children,lower_gross,payor_3c,rule1_current,rule2_post_gross,rule3_post_net
1,0.0,1.0,1.0,0.828099303482587,0.720951330296998
1,2500.0,0.9960711207328563,0.9960711207328563,0.8181861137394097,0.7100872228772331
1,5000.0,0.9837464364903389,0.9837464364903382,0.8090624417152821,0.6985677952306069
1,7500.0,0.9717230185579914,0.971723018557991,0.8001381025710358,0.6874242311848766
1,10000.0,0.9599899540203237,0.959989954020324,0.7914067075794042,0.6771143783629539
1,12500.0,0.9485368507454139,0.9485368507454143,0.7828621343988794,0.6671778666284779
1,15000.0,0.9373538066852788,0.937353806685279,0.7744985135720494,0.6582475970146013
1,17500.0,0.9264313813225944,0.9264313813225943,0.7664310396171501,0.650512673106887
1,20000.0,0.915760569090708,0.9157605690907076,0.7606737405225626,0.6458213484373053
1,22500.0,0.9053327746096526,0.9053327746096521,0.7579137418958334,0.6450733962750647
1,25000.0,0.8951397895950426,0.8951397895950424,0.7516552587735569,0.6405473401130488
1,27500.0,0.8851737713094749,0.8851737713094746,0.7455639973900852,0.6373182999688306
1,30000.0,0.8754272224375462,0.8754272224375462,0.7396345284681844,0.6345017334912348
1,32500.0,0.865892972275951,0.8658929722759513,0.7338616552478472,0.6323727912124334
1,35000.0,0.8565641591394885,0.8565641591394888,0.7282404011707607,0.6303165612282627
1,37500.0,0.8474342138922524,0.847434213892252,0.7227659983393389,0.628331349637586
1,40000.0,0.8384968445209409,0.8384968445209404,0.717433876694069,0.6264155147485327
1,42500.0,0.829746021674153,0.8297460216741525,0.7122396538575543,0.6246126396000204
1,45000.0,0.8211759650978319,0.821175965097832,0.7071791255978206,0.6230023587193181
1,47500.0,0.8127811309027267,0.812781130902726,0.7022482568672788,0.6214533951428047
1,50000.0,0.804556199604935,0.8045561996049355,0.6974431733772082,0.6199644226616429
1,52500.0,0.7964960648853127,0.7964960648853129,0.69276015367079,0.617856573260859
1,55000.0,0.7885958230178379,0.788595823017838,0.6881956216606125,0.614647330268156
1,57500.0,0.7808507629209422,0.7808507629209419,0.6837461395992027,0.6115386608134259
1,60000.0,0.7732563567893933,0.7732563567893925,0.67940840145355,0.608527587372412
1,62500.0,0.7658082512675882,0.7658082512675878,0.6751792266567921,0.6056112488068752
1,65000.0,0.7585022591280987,0.7585022591280983,0.6711080332394045,0.6028586091233199
1,67500.0,0.7513343514220482,0.7513343514220481,0.6671477618760289,0.6002066995801739
1,70000.0,0.7443006500703994,0.7443006500703996,0.6632837643945859,0.5976368376802436
1,72500.0,0.7373974208675264,0.737397420867527,0.6595134007434685,0.5951467085862563
1,75000.0,0.7306210668705523,0.7306210668705524,0.6558341265251136,0.5927340837286652
1,77500.0,0.7239681221498608,0.7239681221498608,0.6517219404904563,0.5896850515889244
1,80000.0,0.7174352458779705,0.7174352458779708,0.6475605015603756,0.5865247635458414
1,82500.0,0.7110192167355875,0.7110192167355877,0.6434592114673199,0.5834036951681897
1,85000.0,0.7047169276151577,0.7047169276151578,0.63941684200755,0.5803212657369926
1,87500.0,0.698525380603624,0.6985253806036235,0.6354321953862112,0.57727689862881
1,90000.0,0.6924416822273627,0.6924416822273622,0.631504103436225,0.5742700218508152
1,92500.0,0.6864630389434566,0.686463038943457,0.6276314268501297,0.5715389016173411
1,95000.0,0.6805867528625431,0.6805867528625436,0.6238130544257072,0.5692573419910257
1,97500.0,0.6748102176894768,0.674810217689477,0.6200479023260669,0.5669952258187407
1,100000.0,0.6691309148689775,0.6691309148689777,0.6163349133547193,0.5647524878784959
1,102500.0,0.6635464099242859,0.6635464099242858,0.61267305624604,0.5625290526889489
1,105000.0,0.6580543489776459,0.658054348977646,0.6090613249714195,0.5603248353848657
1,107500.0,0.6526524554421634,0.6526524554421633,0.6054987380612986,0.558139742529983
1,110000.0,0.6473385268752768,0.647338526875277,0.6019843379432029,0.5559736728718229
1,112500.0,0.6421104319847002,0.6421104319847006,0.5985171902958203,0.553826518042645
1,115000.0,0.6369661077782905,0.6369661077782905,0.5950963834191039,0.5516981632104146
1,117500.0,0.6319035568498289,0.6319035568498294,0.5917210276203263,0.5495884876833627
1,120000.0,0.6269208447932174,0.626920844793217,0.5883902546159663,0.5474973654714472
1,122500.0,0.622016097738055,0.6220160977380556,0.5851032169492731,0.545424665807779
1,125000.0,0.6171875,0.6171875,0.5818590874233129,0.5433702536328391
1,127500.0,0.6124332918397278,0.6124332918397283,0.5786570585492801,0.5413339900441139
1,130000.0,0.6077517673246741,0.6077517673246746,0.5754963420098317,0.5393224801345119
1,132500.0,0.6031412722881038,0.6031412722881043,0.57237616813718,0.5374333193110178
1,135000.0,0.5986002023803788,0.5986002023803791,0.5692957854056672,0.5355596052614853
1,137500.0,0.5941270012075994,0.5941270012075995,0.5662544599385305,0.5337012423969313
1,140000.0,0.5897201585530845,0.5897201585530842,0.5632514750285574,0.5318581315594392
1,142500.0,0.5853782086774182,0.5853782086774185,0.5602861306723217,0.5300301703567936
1,145000.0,0.5810997286930488,0.5810997286930489,0.5573577431176884,0.528217253474749
1,147500.0,0.5768833370096474,0.5768833370096479,0.5544656444242696,0.5264192729684073
1,150000.0,0.572727691846661,0.5727276918466612,0.551609182036512,0.5246361185340729
2,0.0,1.0,1.0,0.7577867860696518,0.6073503074111166
2,2500.0,0.9960711207328563,0.9960711207328569,0.7488413946160092,0.5986345987234137
2,5000.0,0.9837464364903389,0.9837464364903389,0.7408815931586765,0.5897726950860869
2,7500.0,0.9717230185579914,0.9717230185579916,0.7330854299303854,0.5811763081548198
2,10000.0,0.9599899540203237,0.959989954020324,0.7254480635969479,0.5730477049167362
2,12500.0,0.9485368507454139,0.9485368507454143,0.7179648335916865,0.5653738598378251
2,15000.0,0.9373538066852788,0.9373538066852785,0.7106312523342025,0.5579065419176096
2,17500.0,0.9264313813225944,0.9264313813225948,0.7035638215967333,0.5507944707573584
2,20000.0,0.915760569090708,0.9157605690907081,0.6987778068673344,0.5466438270806899
2,22500.0,0.9053327746096526,0.9053327746096529,0.6976279634863816,0.5471706493557404
2,25000.0,0.8951397895950426,0.895139789595043,0.6924440879466964,0.5434734905543943
2,27500.0,0.8851737713094749,0.8851737713094746,0.6874160296065132,0.5422431955420506
2,30000.0,0.8754272224375462,0.8754272224375467,0.6825387294658479,0.5411633682023245
2,32500.0,0.865892972275951,0.8658929722759513,0.677807345184245,0.5401547952585469
2,35000.0,0.8565641591394885,0.8565641591394882,0.6732172396051667,0.5394688144883732
2,37500.0,0.8474342138922524,0.847434213892252,0.6687639700021183,0.5393337866254769
2,40000.0,0.8384968445209409,0.8384968445209404,0.6644432779941032,0.5392532921009621
2,42500.0,0.829746021674153,0.8297460216741525,0.6602510800823008,0.5392642232229049
2,45000.0,0.8211759650978319,0.821175965097832,0.656183458763778,0.5394344868157801
2,47500.0,0.8127811309027267,0.8127811309027265,0.6522366541815948,0.5396544535353095
2,50000.0,0.804556199604935,0.8045561996049344,0.6484070562739083,0.5399232146298454
2,52500.0,0.7964960648853127,0.7964960648853121,0.6446911973876267,0.5402398833671996
2,55000.0,0.7885958230178379,0.788595823017838,0.6410857453248576,0.5406035943717334
2,57500.0,0.7808507629209422,0.7808507629209419,0.6375874967928491,0.5410135029852505
2,60000.0,0.7732563567893933,0.7732563567893936,0.6341933712303723,0.5403355151752379
2,62500.0,0.7658082512675882,0.765808251267589,0.6309004049855431,0.5387968455098182
2,65000.0,0.7585022591280987,0.7585022591280983,0.6277792164599784,0.5374360552066461
2,67500.0,0.7513343514220482,0.7513343514220481,0.6247653023806304,0.5361674442044012
2,70000.0,0.7443006500703994,0.7443006500703996,0.6218394841745605,0.5349665257788558
2,72500.0,0.7373974208675264,0.737397420867527,0.6189993460499966,0.5338314113116566
2,75000.0,0.7306210668705523,0.7306210668705524,0.6162425597438547,0.5327602817935212
2,77500.0,0.7239681221498608,0.7239681221498608,0.6135668805931609,0.5317513846465305
2,80000.0,0.7174352458779705,0.7174352458779708,0.6109701438161862,0.5308030307189211
2,82500.0,0.7110192167355875,0.7110192167355877,0.6084502609903454,0.529913591441556
2,85000.0,0.7047169276151577,0.7047169276151578,0.6060052167148221,0.5290814961360131
2,87500.0,0.698525380603624,0.698525380603624,0.6036330654467137,0.5283052294649428
2,90000.0,0.6924416822273627,0.6924416822273631,0.6013319285002623,0.5275833290159998
2,92500.0,0.6864630389434566,0.6864630389434564,0.5990999911994457,0.5271323822204425
2,95000.0,0.6805867528625431,0.680586752862543,0.6017166545743684,0.5335707300062649
2,97500.0,0.6748102176894768,0.674810217689477,0.598720329588152,0.5323849035710241
2,100000.0,0.6691309148689775,0.6691309148689777,0.5957592441451122,0.5311968300369265
2,102500.0,0.6635464099242859,0.6635464099242858,0.5928328882996455,0.530007047370143
2,105000.0,0.6580543489776459,0.658054348977646,0.5899407569207716,0.5288160618944193
2,107500.0,0.6526524554421634,0.6526524554421633,0.5870823499794973,0.5276243500827512
2,110000.0,0.6473385268752768,0.647338526875277,0.5842571727989406,0.526432360240601
2,112500.0,0.6421104319847002,0.6421104319847001,0.5814647362706078,0.5252405140878174
2,115000.0,0.6369661077782905,0.6369661077782905,0.5787045570399102,0.5240492082459012
2,117500.0,0.6319035568498289,0.6319035568498288,0.5759761576637471,0.5228588156367902
2,120000.0,0.6269208447932174,0.6269208447932174,0.5732790667427266,0.5216696867988868
2,122500.0,0.622016097738055,0.6220160977380551,0.5706128190303734,0.5204821511256605
2,125000.0,0.6171875,0.6171875,0.5679769555214723,0.5192965180317708
2,127500.0,0.6124332918397278,0.6124332918397277,0.5653710235215036,0.5181130780513189
2,130000.0,0.6077517673246741,0.607751767324674,0.5627945766989607,0.5169385111288788
2,132500.0,0.6031412722881038,0.6031412722881038,0.5602471751221868,0.5158660539803046
2,135000.0,0.5986002023803788,0.5986002023803786,0.5577283852822197,0.5147947124031965
2,137500.0,0.5941270012075994,0.5941270012075995,0.5552377801030122,0.5137247486559644
2,140000.0,0.5897201585530845,0.5897201585530842,0.5527749389402736,0.5126564099432639
2,142500.0,0.5853782086774182,0.5853782086774181,0.5503394475700712,0.5115899291988878
2,145000.0,0.5810997286930488,0.5810997286930489,0.5479308981682319,0.5105255258257464
2,147500.0,0.5768833370096474,0.5768833370096473,0.5455488892814955,0.509463406395493
2,150000.0,0.572727691846661,0.5727276918466612,0.5431930257912877,0.5084037653101773
3,0.0,1.0,1.0,0.708568023880597,0.536848156905962
3,2500.0,0.9960711207328563,0.9960711207328563,0.7003000912296286,0.5293607814448409
3,5000.0,0.9837464364903389,0.9837464364903387,0.6931549991690525,0.5220578385898815
3,7500.0,0.9717230185579914,0.971723018557991,0.6861485590819302,0.514958513797799
3,10000.0,0.9599899540203237,0.9599899540203235,0.6792770128092284,0.508085614792858
3,12500.0,0.9485368507454139,0.9485368507454138,0.6725367230266515,0.5017487853741187
3,15000.0,0.9373538066852788,0.9373538066852787,0.6659241694677096,0.49556971645050285
3,17500.0,0.9264313813225944,0.9264313813225954,0.6595567689824415,0.4896983792228652
3,20000.0,0.915760569090708,0.9157605690907076,0.6554506533086745,0.4867230987980071
3,22500.0,0.9053327746096526,0.9053327746096526,0.6554279185997653,0.488947403961232
3,25000.0,0.8951397895950426,0.8951397895950428,0.650996268367894,0.48637820451911007
3,27500.0,0.8851737713094749,0.885173771309475,0.6467124521580127,0.485048766887665
3,30000.0,0.8754272224375462,0.8754272224375469,0.6425716701642122,0.4838106132128297
3,32500.0,0.865892972275951,0.8658929722759505,0.6385693281397236,0.4826610054463002
3,35000.0,0.8565641591394885,0.856564159139488,0.634701026509251,0.4815973139588879
3,37500.0,0.8474342138922524,0.847434213892252,0.630962550166064,0.48100525277887574
3,40000.0,0.8384968445209409,0.8384968445209412,0.6273498589041271,0.481282090571774
3,42500.0,0.829746021674153,0.8297460216741531,0.6238590784396234,0.48207203706744894
3,45000.0,0.8211759650978319,0.8211759650978316,0.6204864919799483,0.4830078137126923
3,47500.0,0.8127811309027267,0.8127811309027265,0.617228532301616,0.4839933244584954
3,50000.0,0.804556199604935,0.8045561996049352,0.6140817743015982,0.485027676734667
3,52500.0,0.7964960648853127,0.7964960648853124,0.6110429279894124,0.48610999920242864
3,55000.0,0.7885958230178379,0.7885958230178385,0.6081088318898291,0.48723944112686124
3,57500.0,0.7808507629209422,0.7808507629209426,0.6052764468284014,0.4884151717714809
3,60000.0,0.7732563567893933,0.7732563567893931,0.602542850074148,0.4896363798140366
3,62500.0,0.7658082512675882,0.7658082512675882,0.5999052298156689,0.49090227278266824
3,65000.0,0.7585022591280987,0.7585022591280988,0.5974490447143801,0.4908534940172886
3,67500.0,0.7513343514220482,0.7513343514220484,0.5950975807338514,0.49054314908612034
3,70000.0,0.7443006500703994,0.7443006500703996,0.5928284880205427,0.4902906323095353
3,72500.0,0.7373974208675264,0.7373974208675266,0.5906395077645664,0.490094348010888
3,75000.0,0.7306210668705523,0.730621066870552,0.5885284629969735,0.4899527586853841
3,77500.0,0.7239681221498608,0.7239681221498604,0.6041208672052951,0.5134020379877653
3,80000.0,0.7174352458779705,0.7174352458779705,0.6014959486712531,0.5124782273526808
3,82500.0,0.7110192167355875,0.7110192167355872,0.5988950731486952,0.5115410986789068
3,85000.0,0.7047169276151577,0.7047169276151578,0.596318196670586,0.5105917863524814
3,87500.0,0.698525380603624,0.6985253806036242,0.5937652563597534,0.5096313579274541
3,90000.0,0.6924416822273627,0.692441682227363,0.5912361721233734,0.5086608181911674
3,92500.0,0.6864630389434566,0.686463038943457,0.5887308482155433,0.5078890045636207
3,95000.0,0.6805867528625431,0.6805867528625431,0.5862491746784312,0.5074711889043151
3,97500.0,0.6748102176894768,0.6748102176894766,0.5837910286716115,0.5070353496821973
3,100000.0,0.6691309148689775,0.6691309148689774,0.581356275698387,0.5065824852303087
3,102500.0,0.6635464099242859,0.6635464099242859,0.5789447707371693,0.506113544997745
3,105000.0,0.6580543489776459,0.6580543489776459,0.5765563592853181,0.5056294321255141
3,107500.0,0.6526524554421634,0.6526524554421637,0.5741908783222363,0.5051310058721153
3,110000.0,0.6473385268752768,0.6473385268752766,0.5718481571979571,0.5046190838985499
3,112500.0,0.6421104319847002,0.6421104319847,0.569528018452959,0.5040944444217903
3,115000.0,0.6369661077782905,0.6369661077782909,0.5672302785744744,0.5035578282450869
3,117500.0,0.6319035568498289,0.631903556849829,0.5649547486941418,0.5030099406729119
3,120000.0,0.6269208447932174,0.6269208447932177,0.5627012352314588,0.502451453317792
3,122500.0,0.622016097738055,0.6220160977380552,0.5604695404871437,0.5018830058057786
3,125000.0,0.6171875,0.6171874999999997,0.558259463190184,0.5013052073868469
3,127500.0,0.6124332918397278,0.612433291839728,0.5560707990020599,0.5007186384560771
3,130000.0,0.6077517673246741,0.6077517673246738,0.5539033409813511,0.5001299938180512
3,132500.0,0.6031412722881038,0.6031412722881035,0.5517568800116915,0.49962905172483224
3,135000.0,0.5986002023803788,0.5986002023803788,0.5496312051958064,0.4991193750208764
3,137500.0,0.5941270012075994,0.5941270012075995,0.5475261042181493,0.4986014677548917
3,140000.0,0.5897201585530845,0.5897201585530847,0.5454413636784751,0.4980758112873344
3,142500.0,0.5853782086774182,0.5853782086774182,0.543376769398496,0.49754286536667264
3,145000.0,0.5810997286930488,0.581099728693049,0.5413321067036124,0.4970030691494933
3,147500.0,0.5768833370096474,0.5768833370096476,0.5393071606815535,0.49645684216769104
3,150000.0,0.572727691846661,0.5727276918466612,0.5373017164196308,0.49590458524577175
