higher_gross,lower_gross,line_7e,order_pct_payor_net,over_40pct_of_net
60000.0,0.0,0.36792360639844884,0.4463923377441713,1
65000.0,0.0,0.3667188069594035,0.4479925881952217,1
70000.0,0.0,0.36569180095625997,0.452244533260334,1
75000.0,0.0,0.3648059370018141,0.457175271474704,1
80000.0,0.0,0.36403399002108944,0.46158061633784453,1
85000.0,0.0,0.3633553139045962,0.4655402949030535,1
90000.0,0.0,0.36013301125746316,0.4657292212480659,1
95000.0,0.0,0.3570211892544522,0.46559186869574387,1
100000.0,0.0,0.35422766662575184,0.46546658064516133,1
105000.0,0.0,0.35170598263983494,0.4653518344223774,1
110000.0,0.0,0.3494182992465016,0.46524635324643226,1
115000.0,0.0,0.3473334894115143,0.46514905851964017,1
120000.0,0.0,0.3454257124418328,0.4650590328112495,1
125000.0,0.0,0.3436733374604933,0.4653036840973382,1
130000.0,0.0,0.3404991452991453,0.4635876940782814,1
135000.0,0.0,0.33653349401946314,0.460573380683136,1
140000.0,0.0,0.3328557010539763,0.45774968854815523,1
145000.0,0.0,0.3294355215600571,0.455099089928249,1
150000.0,0.0,0.32624680436371506,0.4526061420886105,1
155000.0,0.0,0.32326682202613183,0.45025718623066513,1
160000.0,0.0,0.3204757283030349,0.44804009712351345,1
165000.0,0.0,0.31785611560295884,0.44594407375003764,1
170000.0,0.0,0.3153926515819842,0.44395946333727687,1
175000.0,0.0,0.3130717788428145,0.4420776127210387,1
180000.0,0.0,0.3108814653135618,0.44029074221613174,1
185000.0,0.0,0.30860031078330524,0.4381870511869292,1
190000.0,0.0,0.30530361091583047,0.4336497458242556,1
195000.0,0.0,0.3021779336390612,0.4293450421797087,1
200000.0,0.0,0.299210307234886,0.42525550101691023,1
205000.0,0.0,0.29638903947446293,0.42149837248692834,1
210000.0,0.0,0.29370356365876665,0.4179178916801359,1
215000.0,0.0,0.2911443063676186,0.41450188665357374,1
220000.0,0.0,0.28870257342811484,0.41169708788726117,1
225000.0,0.0,0.28637045123987714,0.4096136638425062,1
230000.0,0.0,0.2841407210972761,0.4076098254100219,1
235000.0,0.0,0.2820067845543125,0.40568109786810624,1
240000.0,0.0,0.27996259820662506,0.40382333578019497,1
245000.0,0.0,0.27800261653292907,0.40203269325279456,1
250000.0,0.0,0.2761217416573836,0.40030559735989046,1
255000.0,0.0,0.2743152790745518,0.39863872434738373,0
260000.0,0.0,0.2725788985273351,0.39702897828408684,0
265000.0,0.0,0.27073188107959995,0.3952154978208272,0
270000.0,0.0,0.268813552232563,0.3932568731150837,0
275000.0,0.0,0.2669655526389113,0.3915309602829272,0
280000.0,0.0,0.2651840843305828,0.390002962406035,0
285000.0,0.0,0.2634656179711703,0.38852090425386276,0
290000.0,0.0,0.2618068695180773,0.387082744721763,0
295000.0,0.0,0.2602047792761405,0.3856865618556636,0
300000.0,0.0,0.25865649306161925,0.3843305442827791,0
60000.0,5000.0,0.3671100511073254,0.4454052718370835,1
65000.0,5000.0,0.3660267441860465,0.4471471475274784,1
70000.0,5000.0,0.3650959126224524,0.45150760877722174,1
75000.0,5000.0,0.36428748159057445,0.45652554248364363,1
80000.0,5000.0,0.36357879774948176,0.46100345064716625,1
85000.0,5000.0,0.3612843436221644,0.462886913820888,1
90000.0,5000.0,0.3580506458131974,0.4630362761239145,1
95000.0,5000.0,0.3551536231884058,0.4631563729863181,1
100000.0,5000.0,0.35254329823450237,0.4632532662445953,1
105000.0,5000.0,0.35017911888955944,0.46333159910601845,1
110000.0,5000.0,0.34802783661119513,0.4633949686114639,1
115000.0,5000.0,0.34606193299324417,0.46344618998307874,1
120000.0,5000.0,0.344258436322781,0.46348748708261095,1
125000.0,5000.0,0.34193267326732674,0.46294697680127156,1
130000.0,5000.0,0.33786039924302547,0.4599950559871049,1
135000.0,5000.0,0.33408745148771024,0.45722577309528917,1
140000.0,5000.0,0.3305819976178322,0.4546228469875323,1
145000.0,5000.0,0.3273165644171779,0.4521718540832659,1
150000.0,5000.0,0.3242673163497695,0.4498599743980185,1
155000.0,5000.0,0.3214134727776069,0.4476757774349425,1
160000.0,5000.0,0.31873683373900946,0.44560904097620735,1
165000.0,5000.0,0.31622139140489497,0.4436505971341811,1
170000.0,5000.0,0.3138530096814928,0.4417922010740467,1
175000.0,5000.0,0.31161915841134236,0.44002641866289455,1
180000.0,5000.0,0.30950869161769257,0.43834652997807055,1
185000.0,5000.0,0.3064150670794633,0.43508418491864576,1
190000.0,5000.0,0.3032322264561786,0.4307075751052856,1
195000.0,5000.0,0.3002117359014119,0.4265513992408004,1
200000.0,5000.0,0.29734148263101345,0.42259941623635255,1
205000.0,5000.0,0.29461052958533934,0.4189691324548182,1
210000.0,5000.0,0.29200897615708277,0.4155066222111891,1
215000.0,5000.0,0.2895278382581648,0.41220052246258765,1
220000.0,5000.0,0.2871589446636025,0.40949583467506223,1
225000.0,5000.0,0.2848948471121177,0.4075030144702133,1
230000.0,5000.0,0.2827287420795679,0.4055842920099935,1
235000.0,5000.0,0.2806544024944079,0.4037356275147376,1
240000.0,5000.0,0.27866611795161134,0.4019532681900721,1
245000.0,5000.0,0.2767586422161529,0.4002337233324824,1
250000.0,5000.0,0.2749271469997769,0.3985737419647091,0
255000.0,5000.0,0.2731671811535337,0.39697029270841494,0
260000.0,5000.0,0.271407189482394,0.39532230749088704,0
265000.0,5000.0,0.2694637960067356,0.39336434208936055,0
270000.0,5000.0,0.2675921017679525,0.39146996993855737,0
275000.0,5000.0,0.2657882107459572,0.38980427383453314,0
280000.0,5000.0,0.26404850417010617,0.38833287866871946,0
285000.0,5000.0,0.2623696162881754,0.3869046798363468,0
290000.0,5000.0,0.2607484126329677,0.3855178110093206,0
295000.0,5000.0,0.2591819704912717,0.3841705112866877,0
300000.0,5000.0,0.25766756131912516,0.38286111790050487,0
60000.0,10000.0,0.3660267441860465,0.4440909231498171,1
65000.0,10000.0,0.3650959126224524,0.446010021114994,1
70000.0,10000.0,0.3642874815905744,0.4505078365271227,1
75000.0,10000.0,0.3635787977494818,0.4556374189785713,1
80000.0,10000.0,0.3612843436221644,0.4580941740980596,1
85000.0,10000.0,0.35805064581319745,0.4587438159384415,1
90000.0,10000.0,0.35515362318840576,0.45928980454589613,1
95000.0,10000.0,0.35254329823450237,0.4597522442965646,1
100000.0,10000.0,0.35017911888955944,0.46014665832149043,1
105000.0,10000.0,0.3480278366111951,0.4604851785046879,1
110000.0,10000.0,0.34606193299324417,0.4607773910802985,1
115000.0,10000.0,0.344258436322781,0.4610309469849717,1
120000.0,10000.0,0.34193267326732674,0.4603562288173484,1
125000.0,10000.0,0.33786039924302547,0.4574334734257614,1
130000.0,10000.0,0.33408745148771024,0.4548582085855416,1
135000.0,10000.0,0.3305819976178322,0.45242827516902,1
140000.0,10000.0,0.3273165644171779,0.45013215920348276,1
145000.0,10000.0,0.3242673163497695,0.4479594667430318,1
150000.0,10000.0,0.32141347277760696,0.4459008026542828,1
155000.0,10000.0,0.31873683373900946,0.4439476622064128,1
160000.0,10000.0,0.31622139140489497,0.4420923346295115,1
165000.0,10000.0,0.3138530096814928,0.4403278176056968,1
170000.0,10000.0,0.3116191584113424,0.43864774160076225,1
175000.0,10000.0,0.3095086916176925,0.43704630296766234,1
180000.0,10000.0,0.3064150670794633,0.43396513579395224,1
185000.0,10000.0,0.3032322264561786,0.4305648131021526,1
190000.0,10000.0,0.30021173590141187,0.42641730497906605,1
195000.0,10000.0,0.29734148263101345,0.4224732423859797,1
200000.0,10000.0,0.29461052958533934,0.4187180231906908,1
205000.0,10000.0,0.29200897615708277,0.4152694324325358,1
210000.0,10000.0,0.28952783825816486,0.4119761511921579,1
215000.0,10000.0,0.2871589446636024,0.4088279307863903,1
220000.0,10000.0,0.28489484711211777,0.40626717495938763,1
225000.0,10000.0,0.28272874207956783,0.40440469823399233,1
230000.0,10000.0,0.28065440249440793,0.4026085791558734,1
235000.0,10000.0,0.2786661179516113,0.4008753791080523,1
240000.0,10000.0,0.27675864221615293,0.39920188918678073,0
245000.0,10000.0,0.27492714699977694,0.3975851117341378,0
250000.0,10000.0,0.2731671811535337,0.39602224357423627,0
255000.0,10000.0,0.271407189482394,0.39441264868285386,0
260000.0,10000.0,0.2694637960067356,0.3924916278960495,0
265000.0,10000.0,0.2675921017679525,0.3906320352498438,0
270000.0,10000.0,0.2657882107459572,0.3888309938272022,0
275000.0,10000.0,0.2640485041701062,0.3872528248572384,0
280000.0,10000.0,0.2623696162881754,0.3858637589658781,0
285000.0,10000.0,0.2607484126329678,0.38451396367781615,0
290000.0,10000.0,0.25918197049127173,0.38320181859563157,0
295000.0,10000.0,0.25766756131912516,0.3819257897697627,0
300000.0,10000.0,0.256202634880803,0.38068442413685566,0
60000.0,15000.0,0.36509591262245245,0.4429615689292868,1
65000.0,15000.0,0.36428748159057445,0.44502242216049465,1
70000.0,15000.0,0.3635787977494818,0.44963141985027627,1
75000.0,15000.0,0.3612843436221644,0.45276200610244427,1
80000.0,15000.0,0.3580506458131974,0.45399397392821594,1
85000.0,15000.0,0.3551536231884058,0.45503207507357435,1
90000.0,15000.0,0.35254329823450237,0.4559140945443581,1
95000.0,15000.0,0.35017911888955944,0.4566691144648521,1
100000.0,15000.0,0.34802783661119513,0.45731980401151723,1
105000.0,15000.0,0.3460619329932441,0.45788403749467593,1
110000.0,15000.0,0.344258436322781,0.4583760564883941,1
115000.0,15000.0,0.34193267326732674,0.4579162847696544,1
120000.0,15000.0,0.33786039924302547,0.45487358015840457,1
125000.0,15000.0,0.33408745148771024,0.4523252316767,1
130000.0,15000.0,0.33058199761783225,0.4500855526224648,1
135000.0,15000.0,0.32731656441717794,0.4479592649951521,1
140000.0,15000.0,0.3242673163497696,0.4459387734548161,1
145000.0,15000.0,0.3214134727776069,0.44401702117329367,1
150000.0,15000.0,0.3187368337390095,0.4421874689056623,1
155000.0,15000.0,0.31622139140489497,0.4404440673110717,1
160000.0,15000.0,0.3138530096814929,0.4387812259131121,1
165000.0,15000.0,0.3116191584113424,0.43719378089329025,1
170000.0,15000.0,0.30950869161769257,0.43567696311115506,1
175000.0,15000.0,0.3064150670794633,0.43267790491028824,1
180000.0,15000.0,0.3032322264561786,0.42945738793266297,1
185000.0,15000.0,0.30021173590141187,0.42627596502558485,1
190000.0,15000.0,0.29734148263101345,0.4223404301677076,1
195000.0,15000.0,0.29461052958533934,0.41859300819261774,1
200000.0,15000.0,0.29200897615708277,0.41502054058462856,1
205000.0,15000.0,0.2895278382581648,0.4117409767643913,1
210000.0,15000.0,0.2871589446636025,0.4086053953037333,1
215000.0,15000.0,0.2848948471121177,0.4056045371423011,1
220000.0,15000.0,0.28272874207956783,0.4031782550257356,1
225000.0,15000.0,0.28065440249440793,0.401437639887532,1
230000.0,15000.0,0.2786661179516113,0.399756315276817,0
235000.0,15000.0,0.2767586422161529,0.3981313782793471,0
240000.0,15000.0,0.2749271469997769,0.3965601059183008,0
245000.0,15000.0,0.27316718115353367,0.3950399421309794,0
250000.0,15000.0,0.271407189482394,0.39347070774429715,0
255000.0,15000.0,0.2694637960067356,0.39158848264057167,0
260000.0,15000.0,0.2675921017679525,0.3897653829251471,0
265000.0,15000.0,0.2657882107459572,0.3879987078211367,0
270000.0,15000.0,0.26404850417010617,0.3862859154169998,0
275000.0,15000.0,0.2623696162881754,0.3847905724125988,0
280000.0,15000.0,0.2607484126329677,0.3834794747438797,0
285000.0,15000.0,0.2591819704912717,0.38220400186177494,0
290000.0,15000.0,0.25766756131912516,0.38096275718343353,0
295000.0,15000.0,0.25620263488080297,0.37975441365999363,0
300000.0,15000.0,0.254784804917569,0.3785777097257067,0
60000.0,20000.0,0.3642874815905744,0.44198072015538625,1
65000.0,20000.0,0.3635787977494818,0.4441566767933138,1
70000.0,20000.0,0.3612843436221644,0.4467939093204188,1
75000.0,20000.0,0.3580506458131974,0.4487095318312421,1
80000.0,20000.0,0.35515362318840576,0.45032066449736163,1
85000.0,20000.0,0.3525432982345024,0.4516876587341671,1
90000.0,20000.0,0.3501791188895595,0.45285670360603103,1
95000.0,20000.0,0.34802783661119513,0.4538636240171638,1
100000.0,20000.0,0.3460619329932441,0.45473654324128393,1
105000.0,20000.0,0.344258436322781,0.4554977815723986,1
110000.0,20000.0,0.34193267326732674,0.45527933035127194,1
115000.0,20000.0,0.33786039924302547,0.4524626948159558,1
120000.0,20000.0,0.33408745148771024,0.44979392519719563,1
125000.0,20000.0,0.3305819976178322,0.44757915328685394,1
130000.0,20000.0,0.3273165644171779,0.4456396834666757,1
135000.0,20000.0,0.3242673163497696,0.44378612170954923,1
140000.0,20000.0,0.3214134727776069,0.4420141118005734,1
145000.0,20000.0,0.3187368337390095,0.44031937501551577,1
150000.0,20000.0,0.31622139140489497,0.43869776529703886,1
155000.0,20000.0,0.3138530096814929,0.43714530350965397,1
160000.0,20000.0,0.31161915841134236,0.4356581970792675,1
165000.0,20000.0,0.30950869161769257,0.434232849474088,1
170000.0,20000.0,0.30641506707946337,0.43132225198243923,1
175000.0,20000.0,0.30323222645617853,0.4281835279670387,1
180000.0,20000.0,0.3002117359014119,0.42517957089756353,1
185000.0,20000.0,0.2973414826310135,0.42220044153203057,1
190000.0,20000.0,0.29461052958533934,0.4184614157971863,1
195000.0,20000.0,0.29200897615708277,0.4148966295294366,1
200000.0,20000.0,0.28952783825816486,0.41149419969735396,1
205000.0,20000.0,0.2871589446636025,0.40837214505430786,1
210000.0,20000.0,0.28489484711211777,0.4053837562351179,1
215000.0,20000.0,0.2827287420795679,0.4025206553591278,1
220000.0,20000.0,0.28065440249440793,0.4002201949143932,1
225000.0,20000.0,0.2786661179516112,0.39859367147944313,0
230000.0,20000.0,0.27675864221615293,0.39701997446476617,0
235000.0,20000.0,0.2749271469997769,0.39549667929047755,0
240000.0,20000.0,0.2731671811535337,0.39402149796337466,0
245000.0,20000.0,0.271407189482394,0.3924947351812205,0
250000.0,20000.0,0.26946379600673565,0.3906532864086602,0
255000.0,20000.0,0.2675921017679525,0.38886851091229596,0
260000.0,20000.0,0.2657882107459572,0.3871378977703239,0
265000.0,20000.0,0.2640485041701062,0.38545907710717964,0
270000.0,20000.0,0.2623696162881754,0.3838298108297292,0
275000.0,20000.0,0.2607484126329677,0.3824129194994673,0
280000.0,20000.0,0.25918197049127173,0.3811757276044491,0
285000.0,20000.0,0.25766756131912516,0.3799707707270881,0
290000.0,20000.0,0.25620263488080297,0.37879685623665926,0
295000.0,20000.0,0.254784804917569,0.37765284594345555,0
300000.0,20000.0,0.25341183617678326,0.37653765336685197,0
60000.0,25000.0,0.36357879774948176,0.4411208921067227,1
65000.0,25000.0,0.36128434362216433,0.44135371598659967,1
70000.0,25000.0,0.35805064581319745,0.442794852867698,1
75000.0,25000.0,0.35515362318840576,0.44507897933573576,1
80000.0,25000.0,0.35254329823450237,0.44701087630699243,1
85000.0,25000.0,0.35017911888955944,0.4486586105619489,1
90000.0,25000.0,0.34802783661119513,0.4500746342348033,1
95000.0,25000.0,0.3460619329932441,0.4512998861587221,1
100000.0,25000.0,0.344258436322781,0.45236669043898337,1
105000.0,25000.0,0.34193267326732674,0.4524205006681503,1
110000.0,25000.0,0.33786039924302547,0.4498571454132995,1
115000.0,25000.0,0.33408745148771024,0.4474099626443414,1
120000.0,25000.0,0.3305819976178322,0.4450744068533941,1
125000.0,25000.0,0.32731656441717794,0.4431580419208526,1
130000.0,25000.0,0.3242673163497696,0.44148814916840146,1
135000.0,25000.0,0.3214134727776069,0.4398804053237212,1
140000.0,25000.0,0.31873683373900946,0.43833314529648715,1
145000.0,25000.0,0.31622139140489497,0.43684441423532616,1
150000.0,25000.0,0.3138530096814929,0.4354120806543561,1
155000.0,25000.0,0.31161915841134236,0.4340339183664101,1
160000.0,25000.0,0.3095086916176925,0.4327076655297808,1
165000.0,25000.0,0.3064150670794633,0.429892572658542,1
170000.0,25000.0,0.30323222645617853,0.4268419566809671,1
175000.0,25000.0,0.3002117359014119,0.42391839982730906,1
180000.0,25000.0,0.29734148263101345,0.4211145297684716,1
185000.0,25000.0,0.29461052958533934,0.418322712896643,1
190000.0,25000.0,0.29200897615708277,0.4147661991584852,1
195000.0,25000.0,0.2895278382581648,0.4113713414879312,1
200000.0,25000.0,0.2871589446636025,0.40812738709747737,1
205000.0,25000.0,0.28489484711211777,0.40515234504147823,1
210000.0,25000.0,0.2827287420795679,0.4023015530875499,1
215000.0,25000.0,0.28065440249440793,0.3995674199607226,0
220000.0,25000.0,0.27866611795161134,0.39738485144502006,0
225000.0,25000.0,0.2767586422161529,0.3958652889898779,0
230000.0,25000.0,0.27492714699977694,0.39439263037095446,0
235000.0,25000.0,0.2731671811535337,0.39296487893736654,0
240000.0,25000.0,0.27140718948239406,0.3914828527581304,0
245000.0,25000.0,0.2694637960067356,0.3896843022334562,0
250000.0,25000.0,0.2675921017679525,0.3879398105489402,0
255000.0,25000.0,0.2657882107459572,0.3862470717482221,0
260000.0,25000.0,0.26404850417010617,0.384603901455657,0
265000.0,25000.0,0.2623696162881754,0.3830082297692278,0
270000.0,25000.0,0.2607484126329678,0.3814580945422329,0
275000.0,25000.0,0.25918197049127173,0.3801155796745221,0
280000.0,25000.0,0.2576675613191252,0.37894850471163133,0
285000.0,25000.0,0.25620263488080297,0.37781050955576295,0
290000.0,25000.0,0.254784804917569,0.37670058766002634,0
295000.0,25000.0,0.25341183617678326,0.375617773433865,0
300000.0,25000.0,0.2520816326530612,0.3745611406637389,0
60000.0,30000.0,0.3612843436221644,0.43833708937178534,1
65000.0,30000.0,0.3580506458131974,0.43740335231997507,1
70000.0,30000.0,0.35515362318840576,0.4392121566153687,1
75000.0,30000.0,0.35254329823450237,0.4418077167317172,1
80000.0,30000.0,0.3501791188895595,0.4440131909559385,1
85000.0,30000.0,0.34802783661119513,0.44590233165817483,1
90000.0,30000.0,0.3460619329932441,0.4475322992296335,1
95000.0,30000.0,0.344258436322781,0.4489479434442268,1
100000.0,30000.0,0.34193267326732674,0.4493105627595017,1
105000.0,30000.0,0.33786039924302547,0.44703236318679335,1
110000.0,30000.0,0.3340874514877103,0.4448335098797999,1
115000.0,30000.0,0.33058199761783225,0.442715458322226,1
120000.0,30000.0,0.3273165644171779,0.44067803695009183,1
125000.0,30000.0,0.3242673163497696,0.43902962634466647,1
130000.0,30000.0,0.32141347277760696,0.4376026570044882,1
135000.0,30000.0,0.31873683373900946,0.4362172077140235,1
140000.0,30000.0,0.316221391404895,0.43487385966203435,1
145000.0,30000.0,0.3138530096814929,0.43357261050930773,1
150000.0,30000.0,0.31161915841134236,0.43231303173844576,1
155000.0,30000.0,0.30950869161769257,0.431094387380254,1
160000.0,30000.0,0.30641506707946337,0.4283826333474333,1
165000.0,30000.0,0.3032322264561786,0.4254271279369509,1
170000.0,30000.0,0.30021173590141187,0.42259019190780794,1
175000.0,30000.0,0.29734148263101345,0.4198654164559795,1
180000.0,30000.0,0.2946105295853393,0.4172467747634426,1
185000.0,30000.0,0.29200897615708277,0.4146287210716203,1
190000.0,30000.0,0.28952783825816486,0.4112420193559827,1
195000.0,30000.0,0.2871589446636025,0.4080055341040887,1
200000.0,30000.0,0.28489484711211777,0.404909516872666,1
205000.0,30000.0,0.2827287420795679,0.40207190135343085,1
210000.0,30000.0,0.2806544024944079,0.3993499252105866,0
215000.0,30000.0,0.2786661179516113,0.3967367010485941,0
220000.0,30000.0,0.276758642216153,0.39466474335530344,0
225000.0,30000.0,0.27492714699977694,0.3932455862145333,0
230000.0,30000.0,0.2731671811535337,0.3918678976661719,0
235000.0,30000.0,0.271407189482394,0.3904330414338289,0
240000.0,30000.0,0.26946379600673565,0.38867966532844866,0
245000.0,30000.0,0.26759210176795256,0.38697755693318464,0
250000.0,30000.0,0.26578821074595727,0.3853246319367904,0
255000.0,30000.0,0.26404850417010617,0.3837189063012382,0
260000.0,30000.0,0.26236961628817546,0.38215849154308573,0
265000.0,30000.0,0.2607484126329678,0.38064159009935655,0
270000.0,30000.0,0.25918197049127173,0.3791664908137642,0
275000.0,30000.0,0.2576675613191252,0.37789455126253896,0
280000.0,30000.0,0.256202634880803,0.3767940554651964,0
285000.0,30000.0,0.254784804917569,0.37571969943930145,0
290000.0,30000.0,0.25341183617678326,0.3746706466215089,0
295000.0,30000.0,0.2520816326530612,0.37364608934312743,0
300000.0,30000.0,0.250792226911375,0.3726452482589596,0
60000.0,35000.0,0.35805064581319745,0.4344137262078037,1
65000.0,35000.0,0.3551536231884057,0.433864279223339,1
70000.0,35000.0,0.35254329823450237,0.4359840142633966,1
75000.0,35000.0,0.35017911888955944,0.438844924122797,1
80000.0,35000.0,0.3480278366111953,0.4412854506152452,1
85000.0,35000.0,0.34606193299324417,0.44338356472391127,1
90000.0,35000.0,0.3442584363227811,0.4451999912389679,1
95000.0,35000.0,0.34193267326732674,0.4459149123532885,1
100000.0,35000.0,0.33786039924302547,0.4439594633278917,1
105000.0,35000.0,0.33408745148771024,0.44204027250372496,1
110000.0,35000.0,0.3305819976178322,0.4401660393067037,1
115000.0,35000.0,0.32731656441717794,0.43834238971454115,1
120000.0,35000.0,0.3242673163497696,0.4365727248498258,1
125000.0,35000.0,0.32141347277760696,0.435165771389327,1
130000.0,35000.0,0.31873683373900946,0.43395842782824995,1
135000.0,35000.0,0.31622139140489497,0.43277462086806284,1
140000.0,35000.0,0.3138530096814928,0.43161681466380347,1
145000.0,35000.0,0.3116191584113424,0.43048665403665337,1
150000.0,35000.0,0.3095086916176925,0.42938515560079915,1
155000.0,35000.0,0.30641506707946337,0.42678548035692637,1
160000.0,35000.0,0.30323222645617853,0.423932872894321,1
165000.0,35000.0,0.3002117359014119,0.42118945624653514,1
170000.0,35000.0,0.2973414826310135,0.4185499072176718,1
175000.0,35000.0,0.2946105295853393,0.4160091340170215,1
180000.0,35000.0,0.29200897615708277,0.4135622839923807,1
185000.0,35000.0,0.28952783825816486,0.41110570939105723,1
190000.0,35000.0,0.2871589446636025,0.4078772700754709,1
195000.0,35000.0,0.2848948471121177,0.40478862462617066,1
200000.0,35000.0,0.2827287420795679,0.4018309194493856,1
205000.0,35000.0,0.28065440249440793,0.399121958397779,0
210000.0,35000.0,0.2786661179516113,0.3965207471310479,0
215000.0,35000.0,0.27675864221615293,0.39402102956266416,0
220000.0,35000.0,0.27492714699977694,0.39205298538547295,0
225000.0,35000.0,0.2731671811535337,0.39072819639517137,0
230000.0,35000.0,0.271407189482394,0.38934312791467,0
235000.0,35000.0,0.2694637960067356,0.3876373711096527,0
240000.0,35000.0,0.2675921017679525,0.3859798982313161,0
245000.0,35000.0,0.26578821074595715,0.3843688650620366,0
250000.0,35000.0,0.26404850417010617,0.3828025042843395,0
255000.0,35000.0,0.2623696162881754,0.381279123414069,0
260000.0,35000.0,0.2607484126329677,0.37979710247630516,0
265000.0,35000.0,0.25918197049127173,0.37835489150896817,0
270000.0,35000.0,0.25766756131912516,0.37695100796065295,0
275000.0,35000.0,0.25620263488080297,0.3757460940946738,0
280000.0,35000.0,0.254784804917569,0.37470887042384976,0
285000.0,35000.0,0.25341183617678326,0.3736950441511085,0
290000.0,35000.0,0.2520816326530612,0.37270393416683306,0
295000.0,35000.0,0.25079222691137504,0.37173487745558503,0
300000.0,35000.0,0.24954177037770958,0.37078722940740466,0
60000.0,40000.0,0.35515362318840576,0.4308988424670252,1
65000.0,40000.0,0.3525432982345024,0.4306754429544121,1
70000.0,40000.0,0.35017911888955944,0.4330602757994727,1
75000.0,40000.0,0.34802783661119524,0.4361489343927149,1
80000.0,40000.0,0.3460619329932441,0.4387927630407082,1
85000.0,40000.0,0.344258436322781,0.4410728778020611,1
90000.0,40000.0,0.34193267326732674,0.4421922808020874,1
95000.0,40000.0,0.33786039924302547,0.4406042536868522,1
100000.0,40000.0,0.33408745148771024,0.4390016882694154,1
105000.0,40000.0,0.3305819976178322,0.4374021103189739,1
110000.0,40000.0,0.3273165644171779,0.43581815342994695,1
115000.0,40000.0,0.3242673163497696,0.43425883626810863,1
120000.0,40000.0,0.32141347277760696,0.4327304928339099,1
125000.0,40000.0,0.31873683373900946,0.43154183589621836,1
130000.0,40000.0,0.316221391404895,0.4305336670693514,1
135000.0,40000.0,0.3138530096814928,0.4295332983950243,1
140000.0,40000.0,0.3116191584113424,0.4285447785834948,1
145000.0,40000.0,0.30950869161769257,0.42757114719463013,1
150000.0,40000.0,0.30641506707946337,0.4250933328194255,1
155000.0,40000.0,0.30323222645617853,0.42235231009132745,1
160000.0,40000.0,0.30021173590141187,0.41971008545052857,1
165000.0,40000.0,0.2973414826310135,0.41716256365814564,1
170000.0,40000.0,0.2946105295853393,0.41470570716267574,1
175000.0,40000.0,0.29200897615708277,0.4123355722121828,1
180000.0,40000.0,0.28952783825816486,0.41004833359989495,1
185000.0,40000.0,0.2871589446636024,0.40774207538776625,1
190000.0,40000.0,0.2848948471121177,0.4046613718920939,1
195000.0,40000.0,0.2827287420795679,0.4017109463676495,1
200000.0,40000.0,0.2806544024944079,0.39888274454285094,0
205000.0,40000.0,0.2786661179516113,0.3962943953397263,0
210000.0,40000.0,0.27675864221615293,0.3938065538544558,0
215000.0,40000.0,0.27492714699977694,0.39141353147329305,0
220000.0,40000.0,0.2731671811535337,0.38954323008583835,0
225000.0,40000.0,0.271407189482394,0.388210769636836,0
230000.0,40000.0,0.2694637960067356,0.3865552618451498,0
235000.0,40000.0,0.2675921017679525,0.38494484378318095,0
240000.0,40000.0,0.26578821074595727,0.38337793177382373,0
245000.0,40000.0,0.26404850417010617,0.38185299334513806,0
250000.0,40000.0,0.2623696162881754,0.3803685481154316,0
255000.0,40000.0,0.2607484126329678,0.3789231680360105,0
260000.0,40000.0,0.25918197049127173,0.3775154771325285,0
265000.0,40000.0,0.2576675613191252,0.37614415085852243,0
270000.0,40000.0,0.256202634880803,0.37480791515266915,0
275000.0,40000.0,0.25478480491756905,0.3736667084902931,0
280000.0,40000.0,0.25341183617678326,0.3726896622291008,0
285000.0,40000.0,0.2520816326530612,0.37173345280625714,0
290000.0,40000.0,0.250792226911375,0.37079754143363003,0
295000.0,40000.0,0.24954177037770958,0.36988139773641526,0
300000.0,40000.0,0.24832852449650047,0.36898450083734374,0
60000.0,45000.0,0.35254329823450237,0.4277318017058978,1
65000.0,45000.0,0.35017911888955944,0.4277873041308804,1
70000.0,45000.0,0.3480278366111951,0.4303998233437545,1
75000.0,45000.0,0.3460619329932441,0.43368526143931824,1
80000.0,45000.0,0.34425843632278097,0.43650600101426285,1
85000.0,45000.0,0.3419326732673268,0.4380930495808202,1
90000.0,45000.0,0.3378603992430255,0.43692595710844895,1
95000.0,45000.0,0.33408745148771024,0.4356839468570056,1
100000.0,45000.0,0.3305819976178322,0.4343954088052385,1
105000.0,45000.0,0.3273165644171779,0.43308152606646116,1
110000.0,45000.0,0.3242673163497695,0.43175811551388843,1
115000.0,45000.0,0.32141347277760685,0.4304369685495569,1
120000.0,45000.0,0.31873683373900946,0.4291268376407993,1
125000.0,45000.0,0.3162213914048949,0.4281361466628124,1
130000.0,45000.0,0.3138530096814928,0.4273091285146818,1
135000.0,45000.0,0.31161915841134236,0.4264760917581806,1
140000.0,45000.0,0.30950869161769257,0.4256424232552687,1
145000.0,45000.0,0.3064150670794633,0.42329745592642504,1
150000.0,45000.0,0.30323222645617853,0.42067773948297144,1
155000.0,45000.0,0.30021173590141187,0.4181452666041502,1
160000.0,45000.0,0.29734148263101345,0.4156973367757759,1
165000.0,45000.0,0.2946105295853393,0.41333110575431453,1
170000.0,45000.0,0.2920089761570827,0.4110436552472023,1
175000.0,45000.0,0.28952783825816486,0.40883204492767455,1
180000.0,45000.0,0.2871589446636025,0.4066933509606793,1
185000.0,45000.0,0.28489484711211777,0.4045272431435393,1
190000.0,45000.0,0.2827287420795679,0.4015846611582243,1
195000.0,45000.0,0.28065440249440793,0.3987636516861347,0
200000.0,45000.0,0.2786661179516113,0.39605687618549057,0
205000.0,45000.0,0.27675864221615293,0.3935817514461478,0
210000.0,45000.0,0.274927146999777,0.3912004750928805,0
215000.0,45000.0,0.27316718115353367,0.3889078696837317,0
220000.0,45000.0,0.271407189482394,0.3870334379592556,0
225000.0,45000.0,0.2694637960067356,0.38543101174489747,0
230000.0,45000.0,0.2675921017679525,0.38387025084445575,0
235000.0,45000.0,0.2657882107459572,0.38234985483142925,0
240000.0,45000.0,0.26404850417010617,0.38086854617289273,0
245000.0,45000.0,0.2623696162881754,0.3794250744094825,0
250000.0,45000.0,0.2607484126329677,0.3780182192577888,0
255000.0,45000.0,0.25918197049127173,0.37664679284015423,0
260000.0,45000.0,0.25766756131912516,0.37530964120916877,0
265000.0,45000.0,0.25620263488080297,0.3740056453035664,0
270000.0,45000.0,0.254784804917569,0.3727337214473313,0
275000.0,45000.0,0.25341183617678326,0.37165311623389674,0
280000.0,45000.0,0.25208163265306116,0.3707333483116795,0
285000.0,45000.0,0.250792226911375,0.3698320241167464,0
290000.0,45000.0,0.24954177037770958,0.36894873529612315,0
295000.0,45000.0,0.24832852449650047,0.36808307322481015,0
300000.0,45000.0,0.24715085266590034,0.36723463076726126,0
60000.0,50000.0,0.35017911888955944,0.42486340314086346,1
65000.0,50000.0,0.3480278366111951,0.42515924552703127,1
70000.0,50000.0,0.3460619329932441,0.4279686253737421,1
75000.0,50000.0,0.34425843632278097,0.4314251170822964,1
80000.0,50000.0,0.3419326732673267,0.4335570259898972,1
85000.0,50000.0,0.3378603992430255,0.4328755460033246,1
90000.0,50000.0,0.33408745148771024,0.4320467264770855,1
95000.0,50000.0,0.3305819976178322,0.43111247920459117,1
100000.0,50000.0,0.32731656441717794,0.430104524243024,1
105000.0,50000.0,0.3242673163497695,0.42904698229462407,1
110000.0,50000.0,0.32141347277760685,0.42795825638359203,1
115000.0,50000.0,0.3187368337390094,0.4268524131676097,1
120000.0,50000.0,0.3162213914048949,0.42574020735573387,1
125000.0,50000.0,0.3138530096814928,0.42492956465272413,1
130000.0,50000.0,0.3116191584113424,0.424267752424492,1
135000.0,50000.0,0.30950869161769257,0.4235877467843677,1
140000.0,50000.0,0.3064150670794633,0.421388010113552,1
145000.0,50000.0,0.30323222645617853,0.4189005169922625,1
150000.0,50000.0,0.30021173590141187,0.416487376362406,1
155000.0,50000.0,0.29734148263101345,0.41414747879159675,1
160000.0,50000.0,0.29461052958533934,0.4118793363477791,1
165000.0,50000.0,0.2920089761570827,0.4096811922339332,1
170000.0,50000.0,0.2895278382581648,0.4075511051051993,1
175000.0,50000.0,0.2871589446636025,0.4054870138650054,1
180000.0,50000.0,0.28489484711211777,0.4034867873580938,1
185000.0,50000.0,0.2827287420795679,0.40145155221385426,1
190000.0,50000.0,0.28065440249440793,0.3986382930128904,0
195000.0,50000.0,0.2786661179516113,0.39593862703720734,0
200000.0,50000.0,0.27675864221615293,0.39334585811577155,0
205000.0,50000.0,0.27492714699977694,0.39097716035098157,0
210000.0,50000.0,0.27316718115353367,0.38869617719901634,0
215000.0,50000.0,0.271407189482394,0.3864021711272886,0
220000.0,50000.0,0.26946379600673565,0.3842621102739939,0
225000.0,50000.0,0.2675921017679525,0.3827538097800248,0
230000.0,50000.0,0.26578821074595727,0.38128250593519136,0
235000.0,50000.0,0.26404850417010617,0.3798471984688349,0
240000.0,50000.0,0.26236961628817546,0.378446886603989,0
245000.0,50000.0,0.2607484126329677,0.3770805753542471,0
250000.0,50000.0,0.25918197049127173,0.3757472805280187,0
255000.0,50000.0,0.2576675613191252,0.37444603266900683,0
260000.0,50000.0,0.256202634880803,0.373175880121239,0
265000.0,50000.0,0.254784804917569,0.371935891373921,0
270000.0,50000.0,0.25341183617678326,0.37072515681432866,0
275000.0,50000.0,0.2520816326530612,0.36970224332963453,0
280000.0,50000.0,0.250792226911375,0.36883703518915406,0
285000.0,50000.0,0.24954177037770958,0.36798803207356834,0
290000.0,50000.0,0.24832852449650047,0.3671549452913564,0
295000.0,50000.0,0.2471508526659004,0.3663374780800862,0
300000.0,50000.0,0.2460072128722027,0.3655353279615491,0
60000.0,55000.0,0.34802783661119513,0.42225330716255144,1
65000.0,55000.0,0.34606193299324417,0.42275764999052073,1
70000.0,55000.0,0.3442584363227811,0.42573827318143875,1
75000.0,55000.0,0.34193267326732674,0.4285104678169862,1
80000.0,55000.0,0.33786039924302547,0.4283935445415724,1
85000.0,55000.0,0.33408745148771024,0.42804154704019276,1
90000.0,55000.0,0.33058199761783214,0.4275134228089799,1
95000.0,55000.0,0.32731656441717794,0.4268540228671155,1
100000.0,55000.0,0.3242673163497695,0.4260977139196085,1
105000.0,55000.0,0.32141347277760696,0.42527098357122356,1
110000.0,55000.0,0.31873683373900946,0.42439434300427026,1
115000.0,55000.0,0.3162213914048949,0.42348373243527887,1
120000.0,55000.0,0.3138530096814928,0.4225515700483745,1
125000.0,55000.0,0.3116191584113424,0.42190512512707723,1
130000.0,55000.0,0.3095086916176926,0.4213943636133766,1
135000.0,55000.0,0.3064150670794633,0.4193538706993497,1
140000.0,55000.0,0.30323222645617853,0.41701090526182905,1
145000.0,55000.0,0.30021173590141187,0.41472785675179535,1
150000.0,55000.0,0.29734148263101345,0.4125054392456091,1
155000.0,55000.0,0.29461052958533934,0.41034371313953766,1
160000.0,55000.0,0.2920089761570827,0.40824224265322656,1
165000.0,55000.0,0.28952783825816486,0.40620021864913947,1
170000.0,55000.0,0.2871589446636025,0.4042165545896125,1
175000.0,55000.0,0.28489484711211777,0.4022899615972236,1
180000.0,55000.0,0.2827287420795679,0.4004190071945593,1
185000.0,55000.0,0.28065440249440793,0.3985061606694504,0
190000.0,55000.0,0.2786661179516113,0.39581415646231494,0
195000.0,55000.0,0.27675864221615293,0.3932284183855214,0
200000.0,55000.0,0.27492714699977694,0.39074282808299055,0
205000.0,55000.0,0.2731671811535337,0.38847429202245143,0
210000.0,55000.0,0.271407189482394,0.38619184255828365,0
215000.0,55000.0,0.26946379600673565,0.38363536358699785,0
220000.0,55000.0,0.2675921017679525,0.38159302749314966,0
225000.0,55000.0,0.2657882107459572,0.38017359101969905,0
230000.0,55000.0,0.2640485041701062,0.3787868358640067,0
235000.0,55000.0,0.2623696162881754,0.3774320328896963,0
240000.0,55000.0,0.2607484126329678,0.37610843185246606,0
245000.0,55000.0,0.25918197049127173,0.3748152695060335,0
250000.0,55000.0,0.25766756131912516,0.3735517762382636,0
255000.0,55000.0,0.256202634880803,0.3723171814850492,0
260000.0,55000.0,0.254784804917569,0.3711107181269517,0
265000.0,55000.0,0.25341183617678326,0.3699316260387183,0
270000.0,55000.0,0.2520816326530612,0.3687791549330952,0
275000.0,55000.0,0.250792226911375,0.36781120434259507,0
280000.0,55000.0,0.24954177037770955,0.36699800418651835,0
285000.0,55000.0,0.24832852449650047,0.3661989129069786,0
290000.0,55000.0,0.24715085266590037,0.36541375169544615,0
295000.0,55000.0,0.2460072128722027,0.36464232666411434,0
300000.0,55000.0,0.24489615095371575,0.36388443172148366,0
60000.0,60000.0,0.34606193299324417,0.4198681263898709,1
65000.0,60000.0,0.344258436322781,0.42055445471973196,1
70000.0,60000.0,0.3419326732673267,0.4228620434581098,1
75000.0,60000.0,0.33786039924302547,0.4234070887495286,1
80000.0,60000.0,0.33408745148771024,0.42360959689369476,1
85000.0,60000.0,0.3305819976178322,0.4235502682122723,1
90000.0,60000.0,0.3273165644171779,0.4232905173433905,1
95000.0,60000.0,0.3242673163497696,0.4228774938863392,1
100000.0,60000.0,0.3214134727776069,0.42234767140631674,1
105000.0,60000.0,0.3187368337390094,0.4217294490276572,1
110000.0,60000.0,0.3162213914048949,0.4210450611398912,1
115000.0,60000.0,0.3138530096814928,0.42031199529377217,1
120000.0,60000.0,0.31161915841134236,0.419544055918067,1
125000.0,60000.0,0.30950869161769257,0.4190477374067882,1
130000.0,60000.0,0.3064150670794633,0.4171824109966918,1
135000.0,60000.0,0.3032322264561786,0.4149978951661771,1
140000.0,60000.0,0.30021173590141187,0.4128570674085819,1
145000.0,60000.0,0.29734148263101345,0.41076274198506924,1
150000.0,60000.0,0.29461052958533934,0.40871675501730415,1
155000.0,60000.0,0.2920089761570827,0.4067201797404285,1
160000.0,60000.0,0.2895278382581648,0.40477349551566844,1
165000.0,60000.0,0.2871589446636025,0.40287672097839117,1
170000.0,60000.0,0.28489484711211777,0.4010295192263643,1
175000.0,60000.0,0.2827287420795679,0.39923128110793726,0
180000.0,60000.0,0.28065440249440793,0.39748119128251325,0
185000.0,60000.0,0.2786661179516113,0.39568296020501403,0
190000.0,60000.0,0.27675864221615293,0.3931047998144648,0
195000.0,60000.0,0.274927146999777,0.3906261655292089,0
200000.0,60000.0,0.2731671811535337,0.3882414598492777,0
205000.0,60000.0,0.271407189482394,0.38597138696802935,0
210000.0,60000.0,0.2694637960067356,0.38342654106199087,0
215000.0,60000.0,0.2675921017679525,0.38097063418564514,0
220000.0,60000.0,0.26578821074595727,0.37902063379466977,0
225000.0,60000.0,0.26404850417010617,0.3776851793087145,0
230000.0,60000.0,0.2623696162881754,0.3763784123413447,0
235000.0,60000.0,0.2607484126329678,0.3750998490035822,0
240000.0,60000.0,0.25918197049127173,0.3738489661416231,0
245000.0,60000.0,0.25766756131912516,0.3726252109887508,0
250000.0,60000.0,0.25620263488080297,0.37142800920180724,0
255000.0,60000.0,0.254784804917569,0.3702567715443711,0
260000.0,60000.0,0.2534118361767833,0.3691108994347667,0
265000.0,60000.0,0.2520816326530612,0.3679897895407986,0
270000.0,60000.0,0.25079222691137504,0.3668928375731972,0
275000.0,60000.0,0.24954177037770955,0.3659772881591079,0
280000.0,60000.0,0.24832852449650047,0.36521369843154483,0
285000.0,60000.0,0.24715085266590037,0.3644622531937968,0
290000.0,60000.0,0.24600721287220267,0.3637228746335402,0
295000.0,60000.0,0.24489615095371572,0.3629954635567491,0
300000.0,60000.0,0.24381629443221142,0.36227990271954513,0
65000.0,65000.0,0.3419326732673267,0.4177132461671061,1
70000.0,65000.0,0.33786039924302547,0.4178259347441258,1
75000.0,65000.0,0.33408745148771024,0.4186788257490075,1
80000.0,65000.0,0.3305819976178322,0.4191648208503686,1
85000.0,65000.0,0.32731656441717794,0.41936651011917353,1
90000.0,65000.0,0.3242673163497696,0.4193471856202929,1
95000.0,65000.0,0.321413472777607,0.4191557922010605,1
100000.0,65000.0,0.3187368337390094,0.4188304813664048,1
105000.0,65000.0,0.316221391404895,0.418401198266104,1
110000.0,65000.0,0.3138530096814929,0.4178915887479631,1
115000.0,65000.0,0.3116191584113424,0.4173204213544326,1
120000.0,65000.0,0.3095086916176926,0.4167026587363204,1
125000.0,65000.0,0.3064150670794633,0.4148592399647443,1
130000.0,65000.0,0.3032322264561786,0.41284899117600193,1
135000.0,65000.0,0.30021173590141187,0.41086410886896557,1
140000.0,65000.0,0.29734148263101345,0.40890983881547416,1
145000.0,65000.0,0.29461052958533934,0.4069900636781354,1
150000.0,65000.0,0.2920089761570827,0.4051075884450918,1
155000.0,65000.0,0.2895278382581648,0.40326436524633624,1
160000.0,65000.0,0.2871589446636024,0.4014616711793823,1
165000.0,65000.0,0.2848948471121177,0.3997002494999007,0
170000.0,65000.0,0.28272874207956794,0.39798042209946743,0
175000.0,65000.0,0.28065440249440793,0.39630217936912904,0
180000.0,65000.0,0.2786661179516113,0.3946652521714381,0
185000.0,65000.0,0.2767586422161529,0.3929745015984443,0
190000.0,65000.0,0.27492714699977694,0.3905033650241022,0
195000.0,65000.0,0.2731671811535337,0.38812554411919975,0
200000.0,65000.0,0.27140718948239406,0.38574005491168456,0
205000.0,65000.0,0.2694637960067356,0.3832076640296097,0
210000.0,65000.0,0.26759210176795256,0.3807632621408986,0
215000.0,65000.0,0.2657882107459572,0.3784024361629424,0
220000.0,65000.0,0.2640485041701062,0.3765397687211392,0
225000.0,65000.0,0.26236961628817546,0.37528376040002126,0
230000.0,65000.0,0.2607484126329678,0.3740527388641276,0
235000.0,65000.0,0.25918197049127173,0.372846442338936,0
240000.0,65000.0,0.25766756131912516,0.3716645537681496,0
245000.0,65000.0,0.25620263488080297,0.37050671178625816,0
250000.0,65000.0,0.25478480491756905,0.3693725199564462,0
255000.0,65000.0,0.25341183617678326,0.36826155454719134,0
260000.0,65000.0,0.25208163265306116,0.367173371075871,0
265000.0,65000.0,0.250792226911375,0.3661075098105302,0
270000.0,65000.0,0.24954177037770955,0.3650635003901887,0
275000.0,65000.0,0.24832852449650047,0.3641979450182661,0
280000.0,65000.0,0.24715085266590037,0.36348171099407994,0
285000.0,65000.0,0.24600721287220273,0.3627757789957224,0
290000.0,65000.0,0.24489615095371572,0.3620801641204226,0
295000.0,65000.0,0.24381629443221137,0.3613948544125395,0
300000.0,65000.0,0.2427663468569276,0.36071981459532754,0
70000.0,70000.0,0.33408745148771024,0.4131599974927127,1
75000.0,70000.0,0.33058199761783214,0.41428578643124114,1
80000.0,70000.0,0.3273165644171779,0.4150243814664507,1
85000.0,70000.0,0.32426731634976963,0.415459734051199,1
90000.0,70000.0,0.32141347277760696,0.4156565538179311,1
95000.0,70000.0,0.31873683373900946,0.41566518321393836,1
100000.0,70000.0,0.316221391404895,0.4155251089960774,1
105000.0,70000.0,0.3138530096814928,0.41526752743308243,1
110000.0,70000.0,0.3116191584113424,0.41491724207129055,1
115000.0,70000.0,0.30950869161769257,0.41449408392360654,1
120000.0,70000.0,0.3064150670794633,0.4125376010008679,1
125000.0,70000.0,0.3032322264561786,0.4105499517352513,1
130000.0,70000.0,0.3002117359014119,0.40873661007137596,1
135000.0,70000.0,0.29734148263101345,0.4069359344802143,1
140000.0,70000.0,0.29461052958533934,0.40515417862356945,1
145000.0,70000.0,0.29200897615708277,0.40339614462534906,1
150000.0,70000.0,0.28952783825816486,0.4016654757947956,1
155000.0,70000.0,0.2871589446636024,0.3999648884931009,0
160000.0,70000.0,0.28489484711211777,0.39829635662581003,0
165000.0,70000.0,0.28272874207956794,0.396661259041739,0
170000.0,70000.0,0.28065440249440793,0.3950604977309458,0
175000.0,70000.0,0.2786661179516113,0.39349459291934247,0
180000.0,70000.0,0.27675864221615293,0.391963759798848,0
185000.0,70000.0,0.27492714699977694,0.390373929077666,0
190000.0,70000.0,0.2731671811535337,0.3880035297303324,0
195000.0,70000.0,0.271407189482394,0.385624886016269,0
200000.0,70000.0,0.2694637960067356,0.382977988411364,0
205000.0,70000.0,0.2675921017679525,0.3805459054273379,0
210000.0,70000.0,0.26578821074595715,0.3781964620539617,0
215000.0,70000.0,0.26404850417010617,0.37592561747838477,0
220000.0,70000.0,0.2623696162881754,0.37414563262573564,0
225000.0,70000.0,0.2607484126329678,0.37296485086808706,0
230000.0,70000.0,0.25918197049127173,0.37180562269779316,0
235000.0,70000.0,0.25766756131912516,0.3706678877465389,0
240000.0,70000.0,0.25620263488080297,0.3695515162239014,0
245000.0,70000.0,0.254784804917569,0.3684563210172707,0
250000.0,70000.0,0.2534118361767833,0.367382067960027,0
255000.0,70000.0,0.2520816326530612,0.36632848454974926,0
260000.0,70000.0,0.250792226911375,0.365295267352578,0
265000.0,70000.0,0.24954177037770955,0.36428208829207004,0
270000.0,70000.0,0.24832852449650047,0.36328859998951524,0
275000.0,70000.0,0.24715085266590037,0.36247077468420924,0
280000.0,70000.0,0.2460072128722027,0.3617997740535829,0
285000.0,70000.0,0.2448961509537157,0.36113734592587177,0
290000.0,70000.0,0.2438162944322114,0.3604835909402802,0
295000.0,70000.0,0.24276634685692763,0.35983857757717,0
300000.0,70000.0,0.24174508261211644,0.3592023462402172,0
75000.0,75000.0,0.3273165644171779,0.4101935413261836,1
80000.0,75000.0,0.3242673163497695,0.41115805623061275,1
85000.0,75000.0,0.32141347277760696,0.41180331531353165,1
90000.0,75000.0,0.31873683373900946,0.41219508548250827,1
95000.0,75000.0,0.316221391404895,0.4123847910910439,1
100000.0,75000.0,0.3138530096814929,0.41241297901211654,1
105000.0,75000.0,0.3116191584113424,0.412311857533501,1
110000.0,75000.0,0.3095086916176926,0.4121071803730033,1
115000.0,75000.0,0.3064150670794633,0.41035110150112647,1
120000.0,75000.0,0.3032322264561786,0.40825242844844417,1
125000.0,75000.0,0.30021173590141187,0.40646047131963503,1
130000.0,75000.0,0.29734148263101345,0.40482877619450774,1
135000.0,75000.0,0.2946105295853394,0.40319840374676447,1
140000.0,75000.0,0.29200897615708277,0.4015764713235141,1
145000.0,75000.0,0.2895278382581648,0.3999685737476343,0
150000.0,75000.0,0.2871589446636024,0.398379081027054,0
155000.0,75000.0,0.2848948471121178,0.39681137528536187,0
160000.0,75000.0,0.2827287420795679,0.39526804020914297,0
165000.0,75000.0,0.28065440249440793,0.39375101318036093,0
170000.0,75000.0,0.2786661179516113,0.39226170792352905,0
175000.0,75000.0,0.27675864221615293,0.3908011137352026,0
180000.0,75000.0,0.274927146999777,0.3893698760259119,0
185000.0,75000.0,0.27316718115353367,0.38787492237738896,0
190000.0,75000.0,0.271407189482394,0.38550365775517603,0
195000.0,75000.0,0.26946379600673565,0.3828636441753112,0
200000.0,75000.0,0.26759210176795256,0.38031782513483847,0
205000.0,75000.0,0.26578821074595727,0.37798057058478446,0
210000.0,75000.0,0.26404850417010617,0.3757209915650627,0
215000.0,75000.0,0.2623696162881754,0.3735353863135636,0
220000.0,75000.0,0.2607484126329677,0.3718337556798679,0
225000.0,75000.0,0.25918197049127173,0.3707242701724203,0
230000.0,75000.0,0.25766756131912516,0.36963314965037425,0
235000.0,75000.0,0.25620263488080297,0.3685605165826366,0
240000.0,75000.0,0.254784804917569,0.3675064115242383,0
245000.0,75000.0,0.25341183617678326,0.3664708061775404,0
250000.0,75000.0,0.2520816326530612,0.36545361454314784,0
255000.0,75000.0,0.250792226911375,0.3644547024484895,0
260000.0,75000.0,0.24954177037770955,0.36347389569603333,0
265000.0,75000.0,0.24832852449650047,0.3625109870349553,0
270000.0,75000.0,0.24715085266590037,0.3615657421283281,0
275000.0,75000.0,0.2460072128722027,0.36079351564378975,0
280000.0,75000.0,0.24489615095371572,0.36016574899238696,0
285000.0,75000.0,0.2438162944322114,0.35954493005229393,0
290000.0,75000.0,0.24276634685692763,0.35893123828428264,0
295000.0,75000.0,0.24174508261211644,0.3583248163909878,0
300000.0,75000.0,0.2407513421444126,0.35772577470587164,0
80000.0,80000.0,0.3214134727776069,0.40753949612062323,1
85000.0,80000.0,0.3187368337390094,0.408373935641091,1
90000.0,80000.0,0.316221391404895,0.4089420790578237,1
95000.0,80000.0,0.3138530096814929,0.4092961809312762,1
100000.0,80000.0,0.3116191584113424,0.40947762638342045,1
105000.0,80000.0,0.3095086916176925,0.4095194410197387,1
110000.0,80000.0,0.3064150670794633,0.40798805570830027,1
115000.0,80000.0,0.3032322264561786,0.40608864088482544,1
120000.0,80000.0,0.30021173590141187,0.40418583361945654,1
125000.0,80000.0,0.29734148263101345,0.40257439906603076,1
130000.0,80000.0,0.2946105295853394,0.40111059879947253,1
135000.0,80000.0,0.2920089761570827,0.39963796688454034,0
140000.0,80000.0,0.2895278382581648,0.3981643618211729,0
145000.0,80000.0,0.2871589446636024,0.3966960628965976,0
150000.0,80000.0,0.2848948471121178,0.39523807107880854,0
155000.0,80000.0,0.2827287420795679,0.3937943494398912,0
160000.0,80000.0,0.2806544024944079,0.39236801619133843,0
165000.0,80000.0,0.2786661179516113,0.3909615003622514,0
170000.0,80000.0,0.27675864221615293,0.3895766678644304,0
175000.0,80000.0,0.27492714699977694,0.38821492396122115,0
180000.0,80000.0,0.2731671811535337,0.3868772968432452,0
185000.0,80000.0,0.271407189482394,0.3853758790078838,0
190000.0,80000.0,0.2694637960067356,0.3827432839612738,0
195000.0,80000.0,0.2675921017679525,0.3802042751333026,0
200000.0,80000.0,0.26578821074595727,0.3777540278264245,0
205000.0,80000.0,0.26404850417010617,0.37550651320524625,0
210000.0,80000.0,0.2623696162881754,0.37333206146410214,0
215000.0,80000.0,0.2607484126329678,0.37122728013035444,0
220000.0,80000.0,0.25918197049127173,0.36959997002142203,0
225000.0,80000.0,0.25766756131912516,0.368558115505017,0
230000.0,80000.0,0.25620263488080297,0.3675316613193208,0
235000.0,80000.0,0.254784804917569,0.3665208960927109,0
240000.0,80000.0,0.2534118361767833,0.36552601549856345,0
245000.0,80000.0,0.25208163265306116,0.3645471361348413,0
250000.0,80000.0,0.250792226911375,0.3635843074303982,0
255000.0,80000.0,0.24954177037770958,0.36263752187030973,0
260000.0,80000.0,0.24832852449650047,0.3617067237864458,0
265000.0,80000.0,0.24715085266590037,0.3607918169211728,0
270000.0,80000.0,0.24600721287220267,0.3598926709401224,0
275000.0,80000.0,0.24489615095371572,0.3591640352273878,0
280000.0,80000.0,0.24381629443221137,0.35857761732368865,0
285000.0,80000.0,0.24276634685692766,0.3579966195573244,0
290000.0,80000.0,0.24174508261211644,0.35742129407351614,0
295000.0,80000.0,0.24075134214441254,0.35685185211480586,0
300000.0,80000.0,0.23978402757094835,0.3562884686784385,0
85000.0,85000.0,0.31622139140489497,0.40515108538619493,1
90000.0,85000.0,0.3138530096814928,0.4058792535428651,1
95000.0,85000.0,0.3116191584113424,0.4063830121374866,1
100000.0,85000.0,0.30950869161769257,0.4067044049369905,1
105000.0,85000.0,0.3064150670794633,0.4054261815219231,1
110000.0,85000.0,0.3032322264561786,0.4037501408763035,1
115000.0,85000.0,0.30021173590141187,0.402043599503421,1
120000.0,85000.0,0.2973414826310135,0.4003215086379178,1
125000.0,85000.0,0.2946105295853393,0.39887692715087203,0
130000.0,85000.0,0.29200897615708277,0.39756859826444224,0
135000.0,85000.0,0.28952783825816486,0.3962423284403634,0
140000.0,85000.0,0.2871589446636025,0.394906612887683,0
145000.0,85000.0,0.28489484711211777,0.3935683226629094,0
150000.0,85000.0,0.2827287420795679,0.39223300733863425,0
155000.0,85000.0,0.2806544024944079,0.39090513767653395,0
160000.0,85000.0,0.2786661179516113,0.38958830115837517,0
165000.0,85000.0,0.27675864221615293,0.38828536025264226,0
170000.0,85000.0,0.27492714699977694,0.38699858105965357,0
175000.0,85000.0,0.2731671811535337,0.385729738287017,0
180000.0,85000.0,0.271407189482394,0.3843846810856647,0
185000.0,85000.0,0.2694637960067356,0.3826164201653662,0
190000.0,85000.0,0.2675921017679525,0.3800847509407364,0
195000.0,85000.0,0.26578821074595727,0.37764124328779647,0
200000.0,85000.0,0.26404850417010617,0.37528145327385337,0
205000.0,85000.0,0.26236961628817546,0.37311894681251934,0
210000.0,85000.0,0.2607484126329677,0.3710252116420288,0
215000.0,85000.0,0.25918197049127173,0.36899713786459143,0
220000.0,85000.0,0.2576675613191252,0.3674403846784887,0
225000.0,85000.0,0.256202634880803,0.3664627391033566,0
230000.0,85000.0,0.254784804917569,0.3654977345328218,0
235000.0,85000.0,0.25341183617678326,0.36454581075219034,0
240000.0,85000.0,0.2520816326530612,0.3636073048291491,0
245000.0,85000.0,0.250792226911375,0.3626824656886036,0
250000.0,85000.0,0.24954177037770955,0.3617714666643037,0
255000.0,85000.0,0.2483285244965005,0.3608744163224286,0
260000.0,85000.0,0.2471508526659004,0.35999136780627544,0
265000.0,85000.0,0.24600721287220273,0.3591223269128607,0
270000.0,85000.0,0.24489615095371575,0.35826725908021956,0
275000.0,85000.0,0.24381629443221137,0.35758032056213196,0
280000.0,85000.0,0.24276634685692763,0.3570334723733407,0
285000.0,85000.0,0.24174508261211647,0.35649060708051006,0
290000.0,85000.0,0.24075134214441254,0.355952043902625,0
295000.0,85000.0,0.23978402757094844,0.3554180574200654,0
300000.0,85000.0,0.23884209863324304,0.35488888246655187,0
90000.0,90000.0,0.31161915841134247,0.4029904047566943,1
95000.0,90000.0,0.30950869161769257,0.40363074922466713,1
100000.0,90000.0,0.3064150670794633,0.4026392824994174,1
105000.0,90000.0,0.30323222645617853,0.40121487777439385,1
110000.0,90000.0,0.3002117359014119,0.3997283932498888,0
115000.0,90000.0,0.29734148263101345,0.3981997559146534,0
120000.0,90000.0,0.2946105295853393,0.39664472854793525,0
125000.0,90000.0,0.29200897615708277,0.39535465101653855,0
130000.0,90000.0,0.2895278382581648,0.39419054280342464,0
135000.0,90000.0,0.2871589446636025,0.3930003054301275,0
140000.0,90000.0,0.2848948471121177,0.39179298152804853,0
145000.0,90000.0,0.28272874207956794,0.3905759543101156,0
150000.0,90000.0,0.2806544024944079,0.3893552509147758,0
155000.0,90000.0,0.2786661179516113,0.38813578634609286,0
160000.0,90000.0,0.2767586422161529,0.38692156062766203,0
165000.0,90000.0,0.2749271469997769,0.38571581888548906,0
170000.0,90000.0,0.2731671811535337,0.3845211818917565,0
175000.0,90000.0,0.271407189482394,0.38324451614638777,0
180000.0,90000.0,0.26946379600673565,0.3816323196512106,0
185000.0,90000.0,0.2675921017679525,0.3799587683401487,0
190000.0,90000.0,0.26578821074595727,0.3775225248313356,0
195000.0,90000.0,0.26404850417010617,0.37516940696211265,0
200000.0,90000.0,0.2623696162881754,0.372895317869697,0
205000.0,90000.0,0.2607484126329677,0.37081341384358246,0
210000.0,90000.0,0.25918197049127173,0.3687962832996506,0
215000.0,90000.0,0.2576675613191252,0.36684107489069423,0
220000.0,90000.0,0.25620263488080297,0.3653513629511625,0
225000.0,90000.0,0.254784804917569,0.3644347277515167,0
230000.0,90000.0,0.25341183617678326,0.36352816274260485,0
235000.0,90000.0,0.25208163265306116,0.36263224535076055,0
240000.0,90000.0,0.250792226911375,0.361747441650577,0
245000.0,90000.0,0.24954177037770953,0.3608741215287725,0
250000.0,90000.0,0.2483285244965005,0.3600125717858828,0
255000.0,90000.0,0.24715085266590034,0.359163007472604,0
260000.0,90000.0,0.2460072128722027,0.35832558171179063,0
265000.0,90000.0,0.24489615095371572,0.3575003942188848,0
270000.0,90000.0,0.24381629443221137,0.35668749870157485,0
275000.0,90000.0,0.24276634685692763,0.3560404702768272,0
280000.0,90000.0,0.2417450826121164,0.35553151164337765,0
285000.0,90000.0,0.24075134214441257,0.35502518268062416,0
290000.0,90000.0,0.23978402757094838,0.3545218645463877,0
295000.0,90000.0,0.23884209863324304,0.3540218903915174,0
300000.0,90000.0,0.23792456896551722,0.3535255504565233,0
95000.0,95000.0,0.3064150670794633,0.39959634882169665,0
100000.0,95000.0,0.30323222645617853,0.398456927248143,0
105000.0,95000.0,0.3002117359014119,0.397218383856474,0
110000.0,95000.0,0.2973414826310135,0.3959066847995124,0
115000.0,95000.0,0.2946105295853393,0.3945424632066886,0
120000.0,95000.0,0.2920089761570828,0.39314216380659306,0
125000.0,95000.0,0.2895278382581648,0.39199540699239965,0
130000.0,95000.0,0.2871589446636024,0.3909653073390149,0
135000.0,95000.0,0.28489484711211777,0.3899017043041919,0
140000.0,95000.0,0.2827287420795679,0.38881411140242766,0
145000.0,95000.0,0.2806544024944079,0.3877103554428837,0
150000.0,95000.0,0.2786661179516112,0.38659687969319495,0
155000.0,95000.0,0.2767586422161529,0.38547898831136806,0
160000.0,95000.0,0.2749271469997769,0.384361044425791,0
165000.0,95000.0,0.2731671811535337,0.38324663141163534,0
170000.0,95000.0,0.27140718948239406,0.3820437463716897,0
175000.0,95000.0,0.2694637960067356,0.3805003187886053,0
180000.0,95000.0,0.2675921017679525,0.3789815033834595,0
185000.0,95000.0,0.26578821074595727,0.37739739150425267,0
190000.0,95000.0,0.26404850417010617,0.3750514655727715,0
195000.0,95000.0,0.26236961628817546,0.37278398397704604,0
200000.0,95000.0,0.2607484126329678,0.37059116672257564,0
205000.0,95000.0,0.25918197049127173,0.36858575787327225,0
210000.0,95000.0,0.25766756131912516,0.3666413939258878,0
215000.0,95000.0,0.256202634880803,0.3647554604403586,0
220000.0,95000.0,0.25478480491756905,0.36332950197482433,0
225000.0,95000.0,0.25341183617678326,0.36247088422709045,0
230000.0,95000.0,0.2520816326530612,0.36161993915546714,0
235000.0,95000.0,0.25079222691137504,0.3607773696331023,0
240000.0,95000.0,0.24954177037770955,0.3599437595447972,0
245000.0,95000.0,0.24832852449650045,0.35911958944816325,0
250000.0,95000.0,0.2471508526659004,0.35830525014285464,0
255000.0,95000.0,0.2460072128722027,0.35750105444537716,0
260000.0,95000.0,0.24489615095371572,0.3567072474214604,0
265000.0,95000.0,0.2438162944322114,0.35592401528996237,0
270000.0,95000.0,0.24276634685692763,0.35515149318041855,0
275000.0,95000.0,0.24174508261211644,0.3545426868867193,0
280000.0,95000.0,0.24075134214441257,0.3540700297929657,0
285000.0,95000.0,0.2397840275709484,0.3535987273591508,0
290000.0,95000.0,0.23884209863324302,0.3531292179775219,0
295000.0,95000.0,0.23792456896551728,0.35266188899596207,0
300000.0,95000.0,0.23703050264929112,0.3521970819929142,0
100000.0,100000.0,0.30021173590141187,0.3944879052240004,0
105000.0,100000.0,0.29734148263101345,0.3934206730111497,0
110000.0,100000.0,0.2946105295853393,0.3922704529589732,0
115000.0,100000.0,0.29200897615708277,0.39105846248481085,0
120000.0,100000.0,0.2895278382581648,0.38980171881370207,0
125000.0,100000.0,0.2871589446636025,0.38878813195346484,0
130000.0,100000.0,0.2848948471121177,0.38788275110487536,0
135000.0,100000.0,0.2827287420795679,0.38693721388797636,0
140000.0,100000.0,0.2806544024944079,0.38596143891989704,0
145000.0,100000.0,0.2786661179516113,0.38496363741545264,0
150000.0,100000.0,0.2767586422161529,0.38395061550851667,0
155000.0,100000.0,0.27492714699977694,0.38292801856584413,0
160000.0,100000.0,0.2731671811535337,0.38190052963779036,0
165000.0,100000.0,0.271407189482394,0.3807774077061064,0
170000.0,100000.0,0.26946379600673565,0.3793081470475495,0
175000.0,100000.0,0.2675921017679525,0.3778573653934339,0
180000.0,100000.0,0.26578821074595727,0.37642671448296905,0
185000.0,100000.0,0.26404850417010617,0.3749271513010988,0
190000.0,100000.0,0.2623696162881754,0.37266679248920487,0
195000.0,100000.0,0.2607484126329677,0.37048052077129634,0
200000.0,100000.0,0.25918197049127173,0.36836484589848045,0
205000.0,100000.0,0.25766756131912516,0.36643209860681997,0
210000.0,100000.0,0.256202634880803,0.3645569147287563,0
215000.0,100000.0,0.254784804917569,0.36273689719917196,0
220000.0,100000.0,0.25341183617678326,0.36137161422332326,0
225000.0,100000.0,0.2520816326530612,0.36056821048177584,0
230000.0,100000.0,0.250792226911375,0.3597702414168897,0
235000.0,100000.0,0.24954177037770953,0.3589785243315062,0
240000.0,100000.0,0.24832852449650045,0.3581937507864492,0
245000.0,100000.0,0.24715085266590034,0.3574165026796686,0
250000.0,100000.0,0.2460072128722027,0.3566472662114453,0
255000.0,100000.0,0.24489615095371575,0.35588644403304126,0
260000.0,100000.0,0.24381629443221137,0.3551343658310563,0
265000.0,100000.0,0.2427663468569276,0.3543912975620139,0
270000.0,100000.0,0.2417450826121164,0.35365744952003336,0
275000.0,100000.0,0.24075134214441254,0.35308526979396665,0
280000.0,100000.0,0.23978402757094838,0.35264741217931117,0
285000.0,100000.0,0.23884209863324304,0.352209707093667,0
290000.0,100000.0,0.23792456896551722,0.35177264584936996,0
295000.0,100000.0,0.23703050264929112,0.3513366659753262,0
300000.0,100000.0,0.23615901102896614,0.35090215664689706,0
105000.0,105000.0,0.29461052958533934,0.389807274114756,0
110000.0,105000.0,0.29200897615708277,0.3888065151861601,0
115000.0,105000.0,0.2895278382581648,0.387735722256984,0
120000.0,105000.0,0.2871589446636025,0.38661239235583034,0
125000.0,105000.0,0.28489484711211777,0.38572274160446024,0
130000.0,105000.0,0.2827287420795679,0.3849336111406945,0
135000.0,105000.0,0.2806544024944079,0.3840983119290327,0
140000.0,105000.0,0.2786661179516113,0.38322711101946355,0
145000.0,105000.0,0.2767586422161529,0.38232855281025757,0
150000.0,105000.0,0.27492714699977694,0.38140976001797977,0
155000.0,105000.0,0.27316718115353367,0.38047667739564656,0
160000.0,105000.0,0.271407189482394,0.3794399787453735,0
165000.0,105000.0,0.2694637960067356,0.37805087591737435,0
170000.0,105000.0,0.26759210176795245,0.3766734744715917,0
175000.0,105000.0,0.26578821074595727,0.3753101545283723,0
180000.0,105000.0,0.26404850417010617,0.3739628278091618,0
185000.0,105000.0,0.26236961628817546,0.3725432686394469,0
190000.0,105000.0,0.2607484126329677,0.3703640534193941,0
195000.0,105000.0,0.25918197049127173,0.36825486465107854,0
200000.0,105000.0,0.25766756131912516,0.36621247742829866,0
205000.0,105000.0,0.25620263488080297,0.3643488093237186,0
210000.0,105000.0,0.254784804917569,0.36253945024308826,0
215000.0,105000.0,0.25341183617678326,0.3607822028399648,0
220000.0,105000.0,0.2520816326530612,0.3594747107405765,0
225000.0,105000.0,0.250792226911375,0.3587238923695372,0
230000.0,105000.0,0.24954177037770955,0.35797641768264327,0
235000.0,105000.0,0.2483285244965005,0.3572332084453983,0
240000.0,105000.0,0.24715085266590037,0.3564950547101387,0
245000.0,105000.0,0.24600721287220273,0.35576263124455265,0
250000.0,105000.0,0.24489615095371575,0.3550365118307359,0
255000.0,105000.0,0.24381629443221137,0.3543171817314189,0
260000.0,105000.0,0.24276634685692763,0.3536050485753225,0
265000.0,105000.0,0.24174508261211647,0.35290045187620056,0
270000.0,105000.0,0.24075134214441257,0.35220367136870323,0
275000.0,105000.0,0.23978402757094838,0.3516666088465134,0
280000.0,105000.0,0.23884209863324304,0.3512621289070952,0
285000.0,105000.0,0.23792456896551725,0.35085666733489446,0
290000.0,105000.0,0.2370305026492911,0.35045076440185435,0
295000.0,105000.0,0.23615901102896614,0.35004490412658446,0
300000.0,105000.0,0.23530924976561407,0.34963951983856184,0
110000.0,110000.0,0.28952783825816486,0.3855029092735266,0
115000.0,110000.0,0.2871589446636025,0.3845632996175466,0
120000.0,110000.0,0.28489484711211777,0.3835641565715266,0
125000.0,110000.0,0.28272874207956794,0.3827900245678845,0
130000.0,110000.0,0.28065440249440793,0.38210940932316934,0
135000.0,110000.0,0.2786661179516113,0.38137718327494724,0
140000.0,110000.0,0.27675864221615293,0.38060391297582347,0
145000.0,110000.0,0.27492714699977694,0.379798431582791,0
150000.0,110000.0,0.27316718115353367,0.37896813808874913,0
155000.0,110000.0,0.271407189482394,0.37802530025564207,0
160000.0,110000.0,0.2694637960067356,0.37672302352947057,0
165000.0,110000.0,0.2675921017679525,0.37542493634067603,0
170000.0,110000.0,0.26578821074595727,0.37413424444823223,0
175000.0,110000.0,0.26404850417010617,0.3728535762550765,0
180000.0,110000.0,0.2623696162881754,0.3715850765627586,0
185000.0,110000.0,0.2607484126329677,0.37024129283376556,0
190000.0,110000.0,0.25918197049127173,0.36813909697502983,0
195000.0,110000.0,0.2576675613191252,0.36610313880510986,0
200000.0,110000.0,0.25620263488080297,0.36413043676519885,0
205000.0,110000.0,0.254784804917569,0.3623324964970839,0
210000.0,110000.0,0.2534118361767833,0.3605858198739364,0
215000.0,110000.0,0.25208163265306116,0.35888839328175953,0
220000.0,110000.0,0.250792226911375,0.3576359859150442,0
225000.0,110000.0,0.24954177037770958,0.3569352857587195,0
230000.0,110000.0,0.2483285244965005,0.35623597393382295,0
235000.0,110000.0,0.24715085266590037,0.35553906763981,0
240000.0,110000.0,0.24600721287220267,0.3548454470861906,0
245000.0,110000.0,0.24489615095371572,0.3541558722110202,0
250000.0,110000.0,0.24381629443221137,0.35347099725984726,0
255000.0,110000.0,0.24276634685692763,0.35279138352048883,0
260000.0,110000.0,0.24174508261211644,0.3521175104648301,0
265000.0,110000.0,0.24075134214441254,0.3514497855118176,0
270000.0,110000.0,0.2397840275709484,0.35078855259466885,0
275000.0,110000.0,0.23884209863324307,0.350285178404074,0
280000.0,110000.0,0.23792456896551722,0.34991272934033085,0
285000.0,110000.0,0.23703050264929115,0.34953822792591976,0
290000.0,110000.0,0.23615901102896616,0.3491622597533004,0
295000.0,110000.0,0.2353092497656141,0.34878535193476035,0
300000.0,110000.0,0.23448041610844034,0.34840797878265806,0
115000.0,115000.0,0.28489484711211777,0.3815312198539336,0
120000.0,115000.0,0.28272874207956794,0.3806478516320823,0
125000.0,115000.0,0.28065440249440793,0.379981549932709,0
130000.0,115000.0,0.2786661179516113,0.3794023709675905,0
135000.0,115000.0,0.27675864221615293,0.37876664802759896,0
140000.0,115000.0,0.27492714699977694,0.378085204832268,0
145000.0,115000.0,0.2731671811535337,0.3773671246880848,0
150000.0,115000.0,0.271407189482394,0.3765264803323269,0
155000.0,115000.0,0.2694637960067356,0.37531847475278163,0
160000.0,115000.0,0.26759210176795256,0.37410630720911037,0
165000.0,115000.0,0.26578821074595727,0.372894122958578,0
170000.0,115000.0,0.26404850417010617,0.37168536304942645,0
175000.0,115000.0,0.26236961628817534,0.3704828779135856,0
180000.0,115000.0,0.2607484126329677,0.36928902150552023,0
185000.0,115000.0,0.25918197049127173,0.368017073871761,0
190000.0,115000.0,0.2576675613191252,0.3659880475635759,0
195000.0,115000.0,0.25620263488080297,0.36402171976872544,0
200000.0,115000.0,0.254784804917569,0.36211533241620814,0
205000.0,115000.0,0.2534118361767833,0.3603799813475941,0
210000.0,115000.0,0.2520816326530612,0.35869304116463446,0
215000.0,115000.0,0.250792226911375,0.3570526674890798,0
220000.0,115000.0,0.24954177037770955,0.3558528036339627,0
225000.0,115000.0,0.2483285244965005,0.35519990388397576,0
230000.0,115000.0,0.24715085266590042,0.354546562407705,0
235000.0,115000.0,0.2460072128722027,0.35389388364962276,0
240000.0,115000.0,0.2448961509537157,0.35324283040433435,0
245000.0,115000.0,0.2438162944322114,0.35259424077358525,0
250000.0,115000.0,0.2427663468569276,0.35194884297819695,0
255000.0,115000.0,0.24174508261211644,0.35130726831864295,0
260000.0,115000.0,0.24075134214441254,0.3506700625343276,0
265000.0,115000.0,0.23978402757094833,0.35003769577500304,0
270000.0,115000.0,0.23884209863324302,0.34941057136692866,0
275000.0,115000.0,0.23792456896551725,0.3489395318652539,0
280000.0,115000.0,0.2370305026492911,0.34859783703525205,0
285000.0,115000.0,0.23615901102896616,0.3482530784062758,0
290000.0,115000.0,0.2353092497656141,0.34790588354444835,0
295000.0,115000.0,0.2344804161084404,0.3475568195285729,0
300000.0,115000.0,0.23367174636538796,0.3472063987302358,0
120000.0,120000.0,0.28065440249440793,0.3778550938076078,0
125000.0,120000.0,0.2786661179516113,0.37728958630924814,0
130000.0,120000.0,0.27675864221615293,0.3768053533541263,0
135000.0,120000.0,0.274927146999777,0.3762600982829174,0
140000.0,120000.0,0.2731671811535337,0.3756648652814588,0
145000.0,120000.0,0.271407189482394,0.3749357821175449,0
150000.0,120000.0,0.26946379600673565,0.37383038703175525,0
155000.0,120000.0,0.26759210176795256,0.3727115144215093,0
160000.0,120000.0,0.2657882107459572,0.37158438296550345,0
165000.0,120000.0,0.2640485041701062,0.37045335872758917,0
170000.0,120000.0,0.2623696162881754,0.36932209250609954,0
175000.0,120000.0,0.2607484126329678,0.3681936334333648,0
180000.0,120000.0,0.25918197049127173,0.36707052329910467,0
185000.0,120000.0,0.25766756131912516,0.36586673744549836,0
190000.0,120000.0,0.2562026348808029,0.36390728285947016,0
195000.0,120000.0,0.254784804917569,0.36200721706153755,0
200000.0,120000.0,0.2534118361767833,0.3601639875072073,0
205000.0,120000.0,0.2520816326530612,0.358488283121103,0
210000.0,120000.0,0.250792226911375,0.3568583146043812,0
215000.0,120000.0,0.24954177037770955,0.35527239364876595,0
220000.0,120000.0,0.24832852449650045,0.3541226846736294,0
225000.0,120000.0,0.24715085266590037,0.3535154058107714,0
230000.0,120000.0,0.24600721287220276,0.35290597103156973,0
235000.0,120000.0,0.24489615095371575,0.3522955645893081,0
240000.0,120000.0,0.2438162944322114,0.35168522497606913,0
245000.0,120000.0,0.24276634685692766,0.3510758620736655,0
250000.0,120000.0,0.24174508261211647,0.3504682721577771,0
255000.0,120000.0,0.2407513421444126,0.34986315104703386,0
260000.0,120000.0,0.23978402757094838,0.3492611056456737,0
265000.0,120000.0,0.23884209863324304,0.3486626640922084,0
270000.0,120000.0,0.23792456896551725,0.3480682846960245,0
275000.0,120000.0,0.23703050264929112,0.3476282966145319,0
280000.0,120000.0,0.23615901102896614,0.3473161450570297,0
285000.0,120000.0,0.23530924976561407,0.34699997366729773,0
290000.0,120000.0,0.23448041610844036,0.34668044890429867,0
295000.0,120000.0,0.23367174636538796,0.34635817493125903,0
300000.0,120000.0,0.23288251355612813,0.3460336994812887,0
