lower_gross,payor_3c,box2_7d,box1_7d,variantA_7d,variantB_7d,reduction_current,reduction_A,reduction_B,implied_share_1.5,implied_share_2.0
150000.0,0.572727691846661,939.4750147760539,238.59802955210785,238.59802955210785,178.94852216408094,0.7460304682940575,0.7460304682940575,0.809522851220543,0.47575743605111304,0.5
148000.0,0.5760473905079874,941.1983367451215,248.506211951782,248.506211951782,186.3796589638365,0.7359682839950896,0.7359682839950896,0.8019762129963172,0.47465086983067095,0.5
146000.0,0.5794057974394253,942.9417529513698,258.4545828258166,258.4545828258166,193.84093711936248,0.7259060996961222,0.7259060996961222,0.7944295747720915,0.47353140085352485,0.5
144000.0,0.5828035936290492,944.7056169093274,268.44384920327025,268.44384920327025,201.33288690245274,0.7158439153971545,0.7158439153971545,0.7868829365478658,0.47239880212365015,0.49999999999999994
142000.0,0.5862414761331729,946.490290474868,278.47473479588996,278.47473479588996,208.85605109691755,0.7057817310981869,0.7057817310981869,0.77933629832364,0.4712528412889424,0.5
140000.0,0.5897201585530845,948.2961440926925,288.5479804930775,288.5479804930775,216.41098536980803,0.6957195467992191,0.6957195467992191,0.7717896600994144,0.4700932804823052,0.5
138000.0,0.5932403715288556,950.1235570526751,298.6643448745807,298.6643448745807,223.9982586559355,0.6856573625002514,0.6856573625002514,0.7642430218751886,0.4689198761570481,0.49999999999999994
136000.0,0.5968028632509428,951.9729177554449,308.82460474165885,308.82460474165885,231.61845355624416,0.6755951782012839,0.6755951782012839,0.7566963836509629,0.46773237891635233,0.5
134000.0,0.6004083999903337,953.8446239875973,319.02955566750234,319.02955566750234,239.2721667506267,0.6655329939023165,0.6655329939023165,0.7491497454267374,0.4665305333365555,0.5
132000.0,0.604057766648027,955.7390832069393,329.2800125677246,329.2800125677246,246.9600094257935,0.6554708096033486,0.6554708096033486,0.7416031072025114,0.4653140777839909,0.49999999999999994
130000.0,0.6077517673246741,957.6567128382002,339.576810291785,339.576810291785,254.68260771883877,0.645408625304381,0.645408625304381,0.7340564689782858,0.46408274422510865,0.5
128000.0,0.61149122591125,959.5979405796634,349.9208042362501,349.9208042362501,262.4406031771876,0.6353464410054134,0.6353464410054134,0.7265098307540601,0.4628362580295833,0.5
126000.0,0.6152769867016666,961.5632047211844,360.31287098083067,360.31287098083067,270.234653235623,0.6252842567064458,0.6252842567064458,0.7189631925298343,0.4615743377661111,0.5
124000.0,0.6191099150282824,963.5529544740972,370.75390894819463,370.75390894819463,278.06543171114595,0.6152220724074782,0.6152220724074782,0.7114165543056087,0.4602966949905726,0.5
122000.0,0.6229908979213159,965.5676503135287,381.2448390885961,381.2448390885961,285.9336293164471,0.6051598881085107,0.6051598881085107,0.703869916081383,0.45900303402622805,0.5
120000.0,0.6269208447932174,967.6077643336703,391.7866055904176,391.7866055904176,293.8399541928132,0.5950977038095431,0.5950977038095431,0.6963232778571573,0.45769305173559427,0.5
118000.0,0.6309006881491074,969.6737806165801,402.3801766177754,402.3801766177754,301.7851324633315,0.5850355195105754,0.5850355195105754,0.6887766396329317,0.4563664372836308,0.49999999999999994
116000.0,0.6349313843244486,971.766195615123,413.0265450764,413.0265450764,309.76990880729994,0.5749733352116079,0.5749733352116079,0.6812300014087059,0.4550228718918505,0.5
114000.0,0.6390139142511767,973.8855185506862,423.7267294090648,423.7267294090648,317.7950470567986,0.5649111509126401,0.5649111509126401,0.6736833631844801,0.45366202858294113,0.5
112000.0,0.6431492842535786,976.0322718263333,434.48177442189706,434.48177442189706,325.86133081642276,0.5548489666136727,0.5548489666136727,0.6661367249602546,0.45228357191547375,0.49999999999999994
110000.0,0.6473385268752768,978.2069914561091,445.2927521429874,445.2927521429874,333.9695641072406,0.5447867823147049,0.5447867823147049,0.6585900867360286,0.45088715770824106,0.5
108000.0,0.6515827017387428,980.4102275112315,456.1607627147707,456.1607627147707,342.1205720360781,0.5347245980157372,0.5347245980157372,0.6510434485118028,0.4494724327537524,0.5
106000.0,0.6558828964388479,982.6425445839501,467.0869353217463,467.0869353217463,350.3152014913097,0.5246624137167697,0.5246624137167697,0.6434968102875773,0.44803903452038396,0.5
104000.0,0.660240227472031,984.9045222698961,478.0724291551769,478.0724291551769,358.5543218663827,0.514600229417802,0.514600229417802,0.6359501720633515,0.4465865908426563,0.5
102000.0,0.6646558412027501,987.1967556697869,489.1184344164971,489.1184344164971,366.8388258123729,0.5045380451188343,0.5045380451188343,0.6284035338391256,0.44511471959908333,0.5
100000.0,0.6691309148689775,989.5198559113987,500.2261733612593,500.2261733612593,375.1696300209445,0.4944758608198667,0.4944758608198667,0.6208568956149001,0.4436230283770076,0.5
98000.0,0.6736666576285892,991.8744506927685,511.39690138553715,511.39690138553715,383.5476760391528,0.4844136765208992,0.4844136765208992,0.6133102573906745,0.4421111141238036,0.5
96000.0,0.6782643116486037,994.2611848476383,522.6319081568155,522.6319081568155,391.9739311176116,0.4743514922219314,0.4743514922219314,0.6057636191664486,0.44057856278379876,0.5
94000.0,0.6829251532393282,996.6807209342154,533.9325187915078,533.9325187915078,400.4493890936309,0.46428930792296386,0.46428930792296386,0.5982169809422229,0.4390249489202239,0.5
92000.0,0.6876504940355926,999.1337398483722,545.3000950813598,545.3000950813598,408.97507131102,0.4542271236239964,0.4542271236239964,0.5906703427179971,0.4374498353214691,0.5
90000.0,0.6924416822273627,1001.6209414624838,556.7360367711216,556.7360367711216,417.55202757834127,0.44416493932502865,0.44416493932502865,0.5831237044937714,0.4358527725908791,0.5
88000.0,0.6973001038421599,1004.1430452911575,568.2417828900072,568.2417828900072,426.18133716750543,0.434102755026061,0.434102755026061,0.5755770662695457,0.43423329871928,0.5
86000.0,0.7022271840818518,1006.7007911851865,579.8188131396034,579.8188131396034,434.8641098547026,0.42404057072709356,0.42404057072709356,0.5680304280453201,0.4325909386393827,0.5
84000.0,0.7072243887165182,1009.2949400551342,591.4686493410377,591.4686493410377,443.6014870057783,0.4139783864281259,0.4139783864281259,0.5604837898210944,0.4309252037611606,0.5
82000.0,0.7122932255382586,1011.9262746260362,603.19285694438,603.19285694438,452.394642708285,0.40391620212915835,0.40391620212915835,0.5529371515968687,0.4292355914872471,0.5
80000.0,0.7174352458779705,1014.5956002247875,614.9930466034209,614.9930466034209,461.24478495256574,0.3938540178301908,0.3938540178301908,0.5453905133726431,0.4275215847073431,0.49999999999999994
78000.0,0.7226520461883017,1017.3037456018865,626.8708758191577,626.8708758191577,470.1531568643683,0.3837918335312229,0.3837918335312229,0.5378438751484171,0.42578265127056614,0.5
76000.0,0.7279452696961707,1020.0515637892913,734.7231877928676,638.8280506555061,479.1210379916296,0.27971956136853005,0.37372964923225516,0.5302972369241914,0.37839544425852967,0.4657829006179399
74000.0,0.7333166081284496,1022.8399329962559,748.5575425669094,650.8663275309736,488.14974564823024,0.26815768682972463,0.3636674649332877,0.5227505986999659,0.375535192942513,0.46498054673899714
72000.0,0.7387678035146145,1025.669757545122,762.2618629592419,662.987515090244,497.2406363176831,0.25681550289279353,0.3536052806343202,0.51520396047574,0.3727406178252783,0.4642474142476123
70000.0,0.7443006500703994,1028.5419688491609,775.8361489698643,675.1934761598604,506.3951071198953,0.24569325076938764,0.3435430963353525,0.5076573222515144,0.37001331420050965,0.46358514816798213
68000.0,0.749916996166732,1031.4575264346893,789.2804005987773,687.4861297924556,515.6145973443416,0.2347911762038476,0.33348091203638486,0.5001106840272886,0.36735492777907286,0.46299544487598765
66000.0,0.7556187463884918,1034.4174190098092,802.5946178459805,699.8674534042339,524.9005900531754,0.2241095295801766,0.3234187277374173,0.492564045803063,0.3647671566595557,0.4624800540917897
64000.0,0.7614078636879041,1037.4226655822802,815.7788007114739,712.3394850107143,534.2546137580356,0.21364856603205495,0.31335654343844954,0.48501740757883727,0.36225175339093546,0.4620407809651776
62000.0,0.7672863716376888,1040.2383229500679,828.6186639772254,724.7399074385977,543.5549305789482,0.20343382309997848,0.3032943591394819,0.4774707693546114,0.3598234572090736,0.46168918581622737
60000.0,0.7732563567893933,1042.8359828892776,841.0830025124499,737.0429196247093,552.782189718532,0.19346568749752158,0.29323217484051445,0.4699241311303858,0.3574845007151903,0.461427464733741
58000.0,0.7793199711426869,1045.4743827666828,853.4043032277939,749.4274116872118,562.0705587654088,0.18371572054267438,0.2831699905415467,0.46237749290616004,0.3552222104020789,0.4612466505872309
56000.0,0.7854794347317504,1048.1544885635562,865.5825661232572,761.8953155886509,571.4214866914881,0.17418417268861275,0.27310780624257913,0.4548308546819344,0.35303853524569623,0.46114876011720973
54000.0,0.7917370383352983,1050.877297043532,877.6177911988394,774.4486248562946,580.8364686422208,0.16487129975319603,0.2630456219436117,0.4472842164577089,0.35093548916049044,0.4611358764541924
52000.0,0.7980951463171758,1053.6438369886064,889.5099784545415,787.089397054136,590.3170477906021,0.15577736306337808,0.2529834376446438,0.4397375782334827,0.3489151536837057,0.4612101518420732
50000.0,0.804556199604935,1056.4551704951764,901.2591278903624,799.8197563749678,599.8648172812258,0.14690262960431277,0.2429212533456765,0.4321909400092574,0.34697968079258973,0.46137381049567605
48000.0,0.8111227188142731,1059.3123943335431,912.8652395063025,812.6418963593943,609.4814222695458,0.1382473721733205,0.23285906904670872,0.42464430178503154,0.3451312958621927,0.46162915160021284
46000.0,0.8177973075277312,1062.2166413745433,924.3283133023624,825.5580827490867,619.1685620618149,0.129811869538919,0.22279688474774095,0.4170976635608058,0.3433723007719564,0.4619785524609001
44000.0,0.8245826557366168,1065.1690820871936,935.6483492785413,838.5706564820795,628.9279923615596,0.12159640660509696,0.21273470044877352,0.40955102533658005,0.34170507716984583,0.46242447181153856
42000.0,0.8314815434557077,1068.1709261115243,946.8253474348395,851.6820368384333,638.761527628825,0.11360127458104541,0.20267251614980586,0.4020043871123544,0.34013208990335814,0.4629694532914455
40000.0,0.8384968445209409,1071.2234239110287,957.8593077712571,864.8947247451343,648.6710435588508,0.10582677115655292,0.1926103318508382,0.3944577488881287,0.33865589062738655,0.46361612910077515
38000.0,0.8456315305809877,1074.3278685094763,968.7502302877939,878.2113062497218,658.6584796872913,0.09827320068328949,0.18254814755187054,0.38691111066390294,0.3372791215995976,0.46436722384494517
36000.0,0.85288867529436,1077.4855973171586,979.4981149844499,891.634456172779,668.7258421295842,0.09094087436220832,0.172485963252903,0.3793644724396773,0.33600451967471645,0.46522555857962733
34000.0,0.8602714587445032,1080.6979940519852,990.1029618612253,905.166941950124,678.875206462593,0.08383011043731248,0.16242377895393556,0.37181783421545167,0.33483492050991404,0.4661940550685613
32000.0,0.8677831720862003,1083.9664907612241,1000.5647709181198,918.8116276762946,689.108720757221,0.07694123439603262,0.1523615946549678,0.3642711959912258,0.33377326299434484,0.46727574026730867
30000.0,0.8754272224375462,1087.292569950102,1010.883542155134,932.5714783617425,699.4286087713069,0.07027457917649027,0.14229941035600013,0.35672455776700007,0.33282259391681024,0.46847375104699424
28000.0,0.8832071380327753,1090.677766823898,1021.0592755722673,946.449564417027,709.8371733127701,0.06383048538191338,0.13223722605703248,0.34917791954277444,0.3319860728865268,0.46979133917308896
26000.0,0.8911265736523081,1094.1236716506692,1031.0919711695199,960.4490663782615,720.336799783696,0.05760930150250332,0.12217504175806482,0.3416312813185487,0.3312669775230551,0.4712318765553683
24000.0,0.8991893163475806,1097.631932252236,1040.9816289468918,974.5732798890876,730.9299599168158,0.05161138414505062,0.11211285745909727,0.33408464309432284,0.33066870893262046,0.4727988607863605
22000.0,0.9073992914794932,1101.2042566316338,1068.3888720162495,1068.3888720162495,793.087807858341,0.02979954392453965,0.02979954392453965,0.27979954392453965,,
20000.0,0.915760569090708,1104.8424157458257,1079.7193388227488,1079.7193388227488,803.5087348862924,0.02273905904139062,0.02273905904139062,0.2727390590413906,,
18000.0,0.9242773706335331,1108.5482464331396,1091.1174772023705,1091.1174772023705,813.9804155940857,0.015723960853173735,0.015723960853173735,0.26572396085317374,,
16000.0,0.9329540760767526,1112.3236545055936,1097.3236545055936,1097.3236545055936,819.2427408791953,0.013485283657540537,0.013485283657540537,0.2634852836575404,,
14000.0,0.9417952314165499,1116.1706180170459,1101.1706180170459,1101.1706180170459,822.1279635127844,0.013438805643037344,0.013438805643037344,0.26343880564303734,,
12000.0,0.9508055566185756,1120.0911907189516,1105.0911907189516,1105.0911907189516,825.0683930392137,0.01339176678139209,0.01339176678139209,0.2633917667813921,,
10000.0,0.9599899540203237,1124.0875057164,1109.0875057164,1109.0875057164,828.0656292873,0.013344156859425471,0.013344156859425471,0.2633441568594256,,
8000.0,0.9693535172252351,1128.161779338121,1113.1617793381213,1113.1617793381213,831.121334503591,0.013295965414463984,0.013295965414463984,0.263295965414464,,
6000.0,0.978901540522438,1132.3163152352001,1117.3163152352001,1117.3163152352001,834.2372364264002,0.013247181726675272,0.013247181726675272,0.26324718172667516,,
4000.0,0.9886395288687279,1136.5535087244377,1121.5535087244377,1121.5535087244377,837.4151315433282,0.013197794811116825,0.013197794811116825,0.2631977948111168,,
2000.0,0.9985732084723282,1140.8758513935563,1125.875851393556,1125.875851393556,840.656888545167,0.01314779340949157,0.01314779340949157,0.26314779340949157,,
