payor_income,other_parent_income,share_of_net,over_federal_ceiling_50pct
60000.0,0.0,0.7740545935727787,True
65000.0,0.0,0.7516274478127585,True
70000.0,0.0,0.7369420421571311,True
75000.0,0.0,0.7258512671689988,True
80000.0,0.0,0.7159422664275233,True
85000.0,0.0,0.7070357088122605,True
90000.0,0.0,0.6955973417814779,True
95000.0,0.0,0.6849009046497734,True
100000.0,0.0,0.6751440000000001,True
105000.0,0.0,0.6662080484114977,True
110000.0,0.0,0.6579936195712608,True
115000.0,0.0,0.6504167168433241,True
120000.0,0.0,0.6434058945924317,True
125000.0,0.0,0.6373495409353339,True
130000.0,0.0,0.6298263317739582,True
135000.0,0.0,0.6213840312962267,True
140000.0,0.0,0.6134756109247724,True
145000.0,0.0,0.6060519800471244,True
150000.0,0.0,0.5990698876172413,True
155000.0,0.0,0.5924910789261342,True
160000.0,0.0,0.5862815943852684,True
165000.0,0.0,0.5804111831812676,True
170000.0,0.0,0.5748528104311927,True
175000.0,0.0,0.5695822408938401,True
180000.0,0.0,0.5645776857133752,True
185000.0,0.0,0.5593855175601816,True
190000.0,0.0,0.5516599128540305,True
195000.0,0.0,0.5443303557542409,True
200000.0,0.0,0.5373671527233789,True
205000.0,0.0,0.5309110159595173,True
210000.0,0.0,0.5247584253349039,True
215000.0,0.0,0.5188884649485261,True
220000.0,0.0,0.5138535050783526,True
225000.0,0.0,0.5097809303355925,True
230000.0,0.0,0.5058639256292041,True
235000.0,0.0,0.502093743993523,True
240000.0,0.0,0.4984622821332589,False
245000.0,0.0,0.49496202228516795,False
250000.0,0.0,0.49158598026939415,False
255000.0,0.0,0.488327658975074,False
260000.0,0.0,0.4851810066283544,False
265000.0,0.0,0.48188240522890335,False
270000.0,0.0,0.47848787097338175,False
275000.0,0.0,0.4754090306033979,False
280000.0,0.0,0.4726008786618079,False
285000.0,0.0,0.4698771546694445,False
290000.0,0.0,0.46723410748760164,False
295000.0,0.0,0.46466820495230093,False
300000.0,0.0,0.4621761181256682,False
60000.0,5000.0,0.7554413507534065,True
65000.0,5000.0,0.7356848523638866,True
70000.0,5000.0,0.723045751904158,True
75000.0,5000.0,0.7135992347661452,True
80000.0,5000.0,0.7050585705461616,True
85000.0,5000.0,0.6951657167771638,True
90000.0,5000.0,0.6846133094524265,True
95000.0,5000.0,0.6749669615591108,True
100000.0,5000.0,0.6661162939720757,True
105000.0,5000.0,0.6579678767762994,True
110000.0,5000.0,0.6504421590897149,True
115000.0,5000.0,0.6434710264577435,True
120000.0,5000.0,0.6369958460046843,True
125000.0,5000.0,0.630510425399105,True
130000.0,5000.0,0.6220678331874471,True
135000.0,5000.0,0.6141546894924164,True
140000.0,5000.0,0.6067230254394939,True
145000.0,5000.0,0.5997304540293872,True
150000.0,5000.0,0.59313938818895,True
155000.0,5000.0,0.5869163853487295,True
160000.0,5000.0,0.5810315955810674,True
165000.0,5000.0,0.575458294905095,True
170000.0,5000.0,0.5701724889573527,True
175000.0,5000.0,0.5651525750614101,True
180000.0,5000.0,0.5603790529766343,True
185000.0,5000.0,0.5541433336772517,True
190000.0,5000.0,0.5466892184733327,True
195000.0,5000.0,0.5396105938557983,True
200000.0,5000.0,0.53287979051552,True
205000.0,5000.0,0.5266379535114458,True
210000.0,5000.0,0.5206846700213994,True
215000.0,5000.0,0.5150003907527234,True
220000.0,5000.0,0.5101345648748417,True
225000.0,5000.0,0.5062150621462196,True
230000.0,5000.0,0.5024418578938006,True
235000.0,5000.0,0.4988069399712571,False
240000.0,5000.0,0.49530286843852833,False
245000.0,5000.0,0.49192272561339945,False
250000.0,5000.0,0.48866007123716015,False
255000.0,5000.0,0.4855089021575554,False
260000.0,5000.0,0.482365377861592,False
265000.0,5000.0,0.47896146463181805,False
270000.0,5000.0,0.47566831455105885,False
275000.0,5000.0,0.4726844902204257,False
280000.0,5000.0,0.4699656517568343,False
285000.0,5000.0,0.46732691244245345,False
290000.0,5000.0,0.46476479691868516,False
295000.0,5000.0,0.4622760271474398,False
300000.0,5000.0,0.459857508674581,False
60000.0,10000.0,0.7306564897935258,True
65000.0,10000.0,0.7142418971570371,True
70000.0,10000.0,0.7041929037594308,True
75000.0,10000.0,0.6968517629562102,True
80000.0,10000.0,0.6879679580044116,True
85000.0,10000.0,0.6782667756605837,True
90000.0,10000.0,0.6693321347401152,True
95000.0,10000.0,0.6610821410905594,True
100000.0,10000.0,0.6534450064827614,True
105000.0,10000.0,0.646357845949198,True
110000.0,10000.0,0.6397655374355035,True
115000.0,10000.0,0.6336196904851692,True
120000.0,10000.0,0.6269819573556761,True
125000.0,10000.0,0.6186037131002295,True
130000.0,10000.0,0.6109745300790619,True
135000.0,10000.0,0.6037942301488591,True
140000.0,10000.0,0.5970251393900811,True
145000.0,10000.0,0.5906335730200505,True
150000.0,10000.0,0.5845893401189898,True
155000.0,10000.0,0.5788653164693073,True
160000.0,10000.0,0.5734370757525814,True
165000.0,10000.0,0.5682825706543423,True
170000.0,10000.0,0.5633818566254357,True
175000.0,10000.0,0.5587168521128938,True
180000.0,10000.0,0.5527180609737121,True
185000.0,10000.0,0.5465080132834741,True
190000.0,10000.0,0.5394409573610268,True
195000.0,10000.0,0.5327206906862918,True
200000.0,10000.0,0.5263223129099702,True
205000.0,10000.0,0.5203874399051299,True
210000.0,10000.0,0.5147200628888607,True
215000.0,10000.0,0.5093025152402069,True
220000.0,10000.0,0.5046798573684372,True
225000.0,10000.0,0.500980565383095,True
230000.0,10000.0,0.4974144952505737,False
235000.0,10000.0,0.49397465046784994,False
240000.0,10000.0,0.4906545099790241,False
245000.0,10000.0,0.4874479890851428,False
250000.0,10000.0,0.48434940407222987,False
255000.0,10000.0,0.48125542806531807,False
260000.0,10000.0,0.4778988455189288,False
265000.0,10000.0,0.47465015476437894,False
270000.0,10000.0,0.47150427133882816,False
275000.0,10000.0,0.46865855616609975,False
280000.0,10000.0,0.46606962515221223,False
285000.0,10000.0,0.4635545988737686,False
290000.0,10000.0,0.4611103900264427,False
295000.0,10000.0,0.4587340786789863,False
300000.0,10000.0,0.45642290127035773,False
60000.0,15000.0,0.7093600959206684,True
65000.0,15000.0,0.6956186025864768,True
70000.0,15000.0,0.6876661892817558,True
75000.0,15000.0,0.6799600833465369,True
80000.0,15000.0,0.6712439888387444,True
85000.0,15000.0,0.6631272611969876,True
90000.0,15000.0,0.6555632289210342,True
95000.0,15000.0,0.6485066164567764,True
100000.0,15000.0,0.6419147829918361,True
105000.0,15000.0,0.6357482658689518,True
110000.0,15000.0,0.6299709313167995,True
115000.0,15000.0,0.6236588766648998,True
120000.0,15000.0,0.6151418775059347,True
125000.0,15000.0,0.6075721854640376,True
130000.0,15000.0,0.6006677183146436,True
135000.0,15000.0,0.5941431580850702,True
140000.0,15000.0,0.5879692933577098,True
145000.0,15000.0,0.5821196460382783,True
150000.0,15000.0,0.5765701926544367,True
155000.0,15000.0,0.5712991115376245,True
160000.0,15000.0,0.5662865552592811,True
165000.0,15000.0,0.5615144468449893,True
170000.0,15000.0,0.5569662978835012,True
175000.0,15000.0,0.5510785842062005,True
180000.0,15000.0,0.5451023788451247,True
185000.0,15000.0,0.539262154674248,True
190000.0,15000.0,0.5325532201590463,True
195000.0,15000.0,0.5261651709211137,True
200000.0,15000.0,0.5200755455506935,True
205000.0,15000.0,0.5144262376373272,True
210000.0,15000.0,0.509025288875488,True
215000.0,15000.0,0.5038567045773028,True
220000.0,15000.0,0.49946123532939907,False
225000.0,15000.0,0.49596782422743685,False
230000.0,15000.0,0.4925956953269391,False
235000.0,15000.0,0.4893387571758896,False
240000.0,15000.0,0.4861913096749127,False
245000.0,15000.0,0.4831480141847158,False
250000.0,15000.0,0.4801060881769772,False
255000.0,15000.0,0.4767991734641581,False
260000.0,15000.0,0.47359710068042216,False
265000.0,15000.0,0.47049502461450493,False
270000.0,15000.0,0.4674883894090912,False
275000.0,15000.0,0.46477336541549635,False
280000.0,15000.0,0.4623074605430212,False
285000.0,15000.0,0.4599097076679671,False
290000.0,15000.0,0.4575773726432565,False
295000.0,15000.0,0.45530786200647505,False
300000.0,15000.0,0.45309871436085647,False
60000.0,20000.0,0.6908640904699729,True
65000.0,20000.0,0.6792931185196376,True
70000.0,20000.0,0.6709971678840411,True
75000.0,20000.0,0.663430779422619,True
80000.0,20000.0,0.6562612291897423,True
85000.0,20000.0,0.649485996521967,True
90000.0,20000.0,0.6430926885420445,True
95000.0,20000.0,0.6370635322662056,True
100000.0,20000.0,0.6313781331506874,True
105000.0,20000.0,0.6260151628953279,True
110000.0,20000.0,0.6200674777889847,True
115000.0,20000.0,0.6118815506795471,True
120000.0,20000.0,0.6041720846026932,True
125000.0,20000.0,0.5973227694236279,True
130000.0,20000.0,0.5910666205459266,True
135000.0,20000.0,0.5851310267595755,True
140000.0,20000.0,0.5794937717147812,True
145000.0,20000.0,0.5741343767847469,True
150000.0,20000.0,0.5690339867167042,True
155000.0,20000.0,0.5641752505638763,True
160000.0,20000.0,0.5595422035661547,True
165000.0,20000.0,0.555120153390534,True
170000.0,20000.0,0.5493519619597769,True
175000.0,20000.0,0.543485491775327,True
180000.0,20000.0,0.537875156794099,True
185000.0,20000.0,0.5323767004763678,True
190000.0,20000.0,0.5259997612418333,True
195000.0,20000.0,0.5199202686346692,True
200000.0,20000.0,0.5141179161311005,True
205000.0,20000.0,0.5087347144558678,True
210000.0,20000.0,0.5035824425063932,True
215000.0,20000.0,0.498646594317038,False
220000.0,20000.0,0.4944636963768112,False
225000.0,20000.0,0.4911630392114544,False
230000.0,20000.0,0.48797274336482555,False
235000.0,20000.0,0.48488752551405434,False
240000.0,20000.0,0.4819024204493534,False
245000.0,20000.0,0.47891522349453874,False
250000.0,20000.0,0.4756604760556046,False
255000.0,20000.0,0.47250732718186267,False
260000.0,20000.0,0.4694511890607219,False
265000.0,20000.0,0.4664877386104663,False
270000.0,20000.0,0.4636128993691678,False
275000.0,20000.0,0.46102166435561776,False
280000.0,20000.0,0.4586723754820518,False
285000.0,20000.0,0.4563858898858654,False
290000.0,20000.0,0.4541597952362566,False
295000.0,20000.0,0.4519917960718728,False
300000.0,20000.0,0.4498797072629502,False
60000.0,25000.0,0.6746501901237456,True
65000.0,25000.0,0.6628270602715928,True
70000.0,25000.0,0.6546857455054557,True
75000.0,25000.0,0.6486224175197653,True
80000.0,25000.0,0.6427612064231133,True
85000.0,25000.0,0.6371310611200134,True
90000.0,25000.0,0.6317451346534905,True
95000.0,25000.0,0.6266065128238916,True
100000.0,25000.0,0.6217119355137177,True
105000.0,25000.0,0.6161738959967391,True
110000.0,25000.0,0.6083579726539199,True
115000.0,25000.0,0.6009698990139455,True
120000.0,25000.0,0.5939800264353743,True
125000.0,25000.0,0.5877751374569757,True
130000.0,25000.0,0.5821011550112489,True
135000.0,25000.0,0.5766964184606814,True
140000.0,25000.0,0.5715445230862907,True
145000.0,25000.0,0.566630008791907,True
150000.0,25000.0,0.5619383709020795,True
155000.0,25000.0,0.5574560440578729,True
160000.0,25000.0,0.5531703691995452,True
165000.0,25000.0,0.5475310562727959,True
170000.0,25000.0,0.5417826599694795,True
175000.0,25000.0,0.5362797071686023,True
180000.0,25000.0,0.531007412183835,True
185000.0,25000.0,0.5258254137636309,True
190000.0,25000.0,0.5197568221550484,True
195000.0,25000.0,0.5139644179611276,True
200000.0,25000.0,0.5084298041656167,True
205000.0,25000.0,0.5032949751071105,True
210000.0,25000.0,0.4983751682421898,False
215000.0,25000.0,0.49365720654797285,False
220000.0,25000.0,0.489673482892702,False
225000.0,25000.0,0.48655353255644157,False
230000.0,25000.0,0.4835339375405866,False
235000.0,25000.0,0.4806101374933268,False
240000.0,25000.0,0.47768054222784434,False
245000.0,25000.0,0.4744806383578213,False
250000.0,25000.0,0.4713788796112106,False
255000.0,25000.0,0.4683709555373946,False
260000.0,25000.0,0.4654527935813145,False
265000.0,25000.0,0.4626205439898332,False
270000.0,25000.0,0.4598705657171913,False
275000.0,25000.0,0.45739668940298794,False
280000.0,25000.0,0.4551580381111839,False
285000.0,25000.0,0.45297721148654363,False
290000.0,25000.0,0.45085209082014555,False
295000.0,25000.0,0.44878065299502007,False
300000.0,25000.0,0.446760965767007,False
60000.0,30000.0,0.6582966764125496,True
65000.0,30000.0,0.6467142468924543,True
70000.0,30000.0,0.6400725804959552,True
75000.0,30000.0,0.6352795335979557,True
80000.0,30000.0,0.6305341942523116,True
85000.0,30000.0,0.6258887018474768,True
90000.0,30000.0,0.6213754135486599,True
95000.0,30000.0,0.617013367170679,True
100000.0,30000.0,0.6119383174704567,True
105000.0,30000.0,0.6045379182076861,True
110000.0,30000.0,0.5975091567708151,True
115000.0,30000.0,0.5908318599954996,True
120000.0,30000.0,0.5844858250115452,True
125000.0,30000.0,0.5788595980679577,True
130000.0,30000.0,0.5737102220264714,True
135000.0,30000.0,0.5687855427321321,True
140000.0,30000.0,0.5640740064285855,True
145000.0,30000.0,0.5595643695765353,True
150000.0,30000.0,0.5552458051541768,True
155000.0,30000.0,0.5511079660098475,True
160000.0,30000.0,0.5456079277553469,True
165000.0,30000.0,0.5399868438170685,True
170000.0,30000.0,0.5345994523025261,True
175000.0,30000.0,0.5294323337177571,True
180000.0,30000.0,0.5244729755702641,True
185000.0,30000.0,0.5195845439566563,True
190000.0,30000.0,0.5138028438124861,True
195000.0,30000.0,0.5082780042729259,True
200000.0,30000.0,0.5029933251261259,True
205000.0,30000.0,0.4980906733881425,False
210000.0,30000.0,0.49338849632429754,False
215000.0,30000.0,0.48887480609135414,False
220000.0,30000.0,0.4850779555464241,False
225000.0,30000.0,0.4821276364721169,False
230000.0,30000.0,0.479268490064167,False
235000.0,30000.0,0.4763995807780741,False
240000.0,30000.0,0.4732573898018139,False
245000.0,30000.0,0.47020966207033776,False
250000.0,30000.0,0.46725238649828066,False
255000.0,30000.0,0.46438176059030456,False
260000.0,30000.0,0.46159417867997105,False
265000.0,30000.0,0.45888622073820556,False
270000.0,30000.0,0.4562546417572913,False
275000.0,30000.0,0.45389212631001596,False
280000.0,30000.0,0.4517585303543265,False
285000.0,30000.0,0.44967811998054136,False
290000.0,30000.0,0.44764904469695554,False
295000.0,30000.0,0.4456695305716787,False
300000.0,30000.0,0.44373787710426477,False
60000.0,35000.0,0.6422939931624176,True
65000.0,35000.0,0.6322790127840074,True
70000.0,35000.0,0.6269055762228868,True
75000.0,35000.0,0.6231948425625571,True
80000.0,35000.0,0.6194082385769715,True
85000.0,35000.0,0.6156151106082144,True
90000.0,35000.0,0.6118623543552059,True
95000.0,35000.0,0.6073136129375072,True
100000.0,35000.0,0.6003823253769611,True
105000.0,35000.0,0.5937572251555681,True
110000.0,35000.0,0.58742949861296,True
115000.0,35000.0,0.5813879789948592,True
120000.0,35000.0,0.5756201788432526,True
125000.0,35000.0,0.5705153918193209,True
130000.0,35000.0,0.5658403096681389,True
135000.0,35000.0,0.5613510880221169,True
140000.0,35000.0,0.5570402394936307,True
145000.0,35000.0,0.5529000776764057,True
150000.0,35000.0,0.548922896389389,True
155000.0,35000.0,0.5435737198635625,True
160000.0,35000.0,0.5380902133218759,True
165000.0,35000.0,0.5328274459198026,True
170000.0,35000.0,0.5277735328287881,True
175000.0,35000.0,0.5229172796027388,True
180000.0,35000.0,0.5182481574611839,True
185000.0,35000.0,0.5136325391151977,True
190000.0,35000.0,0.5081182177528017,True
195000.0,35000.0,0.5028431483816612,True
200000.0,35000.0,0.4977921426068165,False
205000.0,35000.0,0.49310684808579175,False
210000.0,35000.0,0.48860869905037196,False
215000.0,35000.0,0.48428677423178246,False
220000.0,35000.0,0.48066548193275005,False
225000.0,35000.0,0.477874594543432,False
230000.0,35000.0,0.47506968733026333,False
235000.0,35000.0,0.4719882896008141,False
240000.0,35000.0,0.46899742442848374,False
245000.0,35000.0,0.46609340439293223,False
250000.0,35000.0,0.4632727185936043,False
255000.0,35000.0,0.4605320245783264,False
260000.0,35000.0,0.45786814036054346,False
265000.0,35000.0,0.45527803660089816,False
270000.0,35000.0,0.4527588290075601,False
275000.0,35000.0,0.45050207346030563,False
280000.0,35000.0,0.4484683146603294,False
285000.0,35000.0,0.4464834142484088,False
290000.0,35000.0,0.44454576702344256,False
295000.0,35000.0,0.44265382730206143,False
300000.0,35000.0,0.44080610718269414,False
60000.0,40000.0,0.6279574230276166,True
65000.0,40000.0,0.6192723308595175,True
70000.0,40000.0,0.6149801799266846,True
75000.0,40000.0,0.6121983918408426,True
80000.0,40000.0,0.6092410202926538,True
85000.0,40000.0,0.6061902398136733,True
90000.0,40000.0,0.6022435765822216,True
95000.0,40000.0,0.595844954889767,True
100000.0,40000.0,0.5896757387942776,True
105000.0,40000.0,0.5837408600664213,True
110000.0,40000.0,0.5780400010980343,True
115000.0,40000.0,0.5725693218303928,True
120000.0,40000.0,0.5673226685157459,True
125000.0,40000.0,0.5626893047804001,True
130000.0,40000.0,0.5584443513687735,True
135000.0,40000.0,0.5543512747408241,True
140000.0,40000.0,0.5504060094426485,True
145000.0,40000.0,0.5466038810825004,True
150000.0,40000.0,0.5414185225247305,True
155000.0,40000.0,0.536084033970827,True
160000.0,40000.0,0.5309559618379618,True
165000.0,40000.0,0.5260241519329094,True
170000.0,40000.0,0.5212788914782902,True
175000.0,40000.0,0.5167109255993074,True
180000.0,40000.0,0.5123114613485618,True
185000.0,40000.0,0.5079497972773156,True
190000.0,40000.0,0.5026850704082438,True
195000.0,40000.0,0.4976435187590189,False
200000.0,40000.0,0.4928113043615238,False
205000.0,40000.0,0.488329779334101,False
210000.0,40000.0,0.4840231645737026,False
215000.0,40000.0,0.47988149753694315,False
220000.0,40000.0,0.47642533825774686,False
225000.0,40000.0,0.4736880035289396,False
230000.0,40000.0,0.4706707104947237,False
235000.0,40000.0,0.46773974786930783,False
240000.0,40000.0,0.4648917787884367,False
245000.0,40000.0,0.46212360773561617,False
250000.0,40000.0,0.4594321765665666,False
255000.0,40000.0,0.4568145600821112,False
260000.0,40000.0,0.45426796130445934,False
265000.0,40000.0,0.45178970657779555,False
270000.0,40000.0,0.44937724058701056,False
275000.0,40000.0,0.44722100870406356,False
280000.0,40000.0,0.4452822039027343,False
285000.0,40000.0,0.4433882171795333,False
290000.0,40000.0,0.44153766790258175,False
295000.0,40000.0,0.43972921968230816,False
300000.0,40000.0,0.4379615798550855,False
60000.0,45000.0,0.6150396410068606,True
65000.0,45000.0,0.6074921390078709,True
70000.0,45000.0,0.6041286792698636,True
75000.0,45000.0,0.6021495189077768,True
80000.0,45000.0,0.5999137347857731,True
85000.0,45000.0,0.5966606304768408,True
90000.0,45000.0,0.5908706623347353,True
95000.0,45000.0,0.5852192829974825,True
100000.0,45000.0,0.5797282261851833,True
105000.0,45000.0,0.5744103219032952,True
110000.0,45000.0,0.5692721270084388,True
115000.0,45000.0,0.564315789317602,True
120000.0,45000.0,0.5595403778946312,True
125000.0,45000.0,0.5553345324841393,True
130000.0,45000.0,0.5514807838777988,True
135000.0,45000.0,0.5477490696846345,True
140000.0,45000.0,0.5441382142625832,True
145000.0,45000.0,0.5391312106828917,True
150000.0,45000.0,0.5339585322381566,True
155000.0,45000.0,0.528976381350185,True
160000.0,45000.0,0.5241765634977702,True
165000.0,45000.0,0.5195510380005129,True
170000.0,45000.0,0.5150919830298097,True
175000.0,45000.0,0.5107918389625459,True
180000.0,45000.0,0.5066433356872726,True
185000.0,45000.0,0.5025184507996172,True
190000.0,45000.0,0.497487075384613,False
195000.0,45000.0,0.49266416762306753,False
200000.0,45000.0,0.48803709874729606,False
205000.0,45000.0,0.4837468624857662,False
210000.0,45000.0,0.4796202857834625,False
215000.0,45000.0,0.47564826970383434,False
220000.0,45000.0,0.47225144397041385,False
225000.0,45000.0,0.4693018205954276,False
230000.0,45000.0,0.46643402878165435,False
235000.0,45000.0,0.46364511204298847,False
240000.0,45000.0,0.46093221658040284,False
245000.0,45000.0,0.4582925918653468,False
250000.0,45000.0,0.45572359016289815,False
255000.0,45000.0,0.4532226652400134,False
260000.0,45000.0,0.45078737045544115,False
265000.0,45000.0,0.44841535638867636,False
270000.0,45000.0,0.446104368133789,False
275000.0,45000.0,0.4440437593415667,False
280000.0,45000.0,0.4421953340922123,False
285000.0,45000.0,0.4403879508284931,False
290000.0,45000.0,0.4386204347323039,False
295000.0,45000.0,0.43689164152321974,False
300000.0,45000.0,0.435200458010799,False
60000.0,50000.0,0.6033399660716465,True
65000.0,50000.0,0.5967727669685258,True
70000.0,50000.0,0.594212265874936,True
75000.0,50000.0,0.5929308020229785,True
80000.0,50000.0,0.5904827952014181,True
85000.0,50000.0,0.5853931459421379,True
90000.0,50000.0,0.5803336967412155,True
95000.0,50000.0,0.5753469484011738,True
100000.0,50000.0,0.5704618261287496,True
105000.0,50000.0,0.5656975038134654,True
110000.0,50000.0,0.5610661232465369,True
115000.0,50000.0,0.5565747457840464,True
120000.0,50000.0,0.5522267644404272,True
125000.0,50000.0,0.5484097431339675,True
130000.0,50000.0,0.5449127657535296,True
135000.0,50000.0,0.5415115306317251,True
140000.0,50000.0,0.5366992522139362,True
145000.0,50000.0,0.5317027363556222,True
150000.0,50000.0,0.5268790605126784,True
155000.0,50000.0,0.5222222588626774,True
160000.0,50000.0,0.51772618549945,True
165000.0,50000.0,0.5133846369453956,True
170000.0,50000.0,0.5091914418908383,True
175000.0,50000.0,0.5051405261412797,True
180000.0,50000.0,0.5012259587900196,True
185000.0,50000.0,0.49732217869943784,False
190000.0,50000.0,0.4925092895990875,False
195000.0,50000.0,0.48789138742468674,False
200000.0,50000.0,0.4834569286714277,False
205000.0,50000.0,0.479346497055819,False
210000.0,50000.0,0.4753893622043639,False
215000.0,50000.0,0.4714811832030265,False
220000.0,50000.0,0.46787856306898135,False
225000.0,50000.0,0.46507746076828466,False
230000.0,50000.0,0.4623508233376787,False
235000.0,50000.0,0.45969616790728146,False
240000.0,50000.0,0.45711107737158707,False
245000.0,50000.0,0.45459320431309613,False
250000.0,50000.0,0.45214027352641845,False
255000.0,50000.0,0.44975008342580813,False
260000.0,50000.0,0.44742050656588755,False
265000.0,50000.0,0.44514948946224087,False
270000.0,50000.0,0.4429350518635911,False
275000.0,50000.0,0.4409654749114942,False
280000.0,50000.0,0.4392031395997577,False
285000.0,50000.0,0.4374783138227756,False
290000.0,50000.0,0.4357900115763776,False
295000.0,50000.0,0.4341372650882021,False
300000.0,50000.0,0.43251912630673256,False
60000.0,55000.0,0.5926938603078912,True
65000.0,55000.0,0.5869770965043347,True
70000.0,55000.0,0.5851150657999253,True
75000.0,55000.0,0.5836096375832632,True
80000.0,55000.0,0.5793319744113435,True
85000.0,55000.0,0.5749538606117381,True
90000.0,55000.0,0.5705437793577743,True
95000.0,55000.0,0.5661505788708923,True
100000.0,55000.0,0.561808899938665,True
105000.0,55000.0,0.5575430279061586,True
110000.0,55000.0,0.5533696572474078,True
115000.0,55000.0,0.549299895371369,True
120000.0,55000.0,0.5453407276579294,True
125000.0,55000.0,0.5418783004477835,True
130000.0,55000.0,0.5387075253525311,True
135000.0,55000.0,0.5341084782092201,True
140000.0,55000.0,0.529304286874263,True
145000.0,55000.0,0.52465317302603,True
150000.0,55000.0,0.5201517172204839,True
155000.0,55000.0,0.5157959300197338,True
160000.0,55000.0,0.5115814430910582,True
165000.0,55000.0,0.5075036539943624,True
170000.0,55000.0,0.5035578355867883,True
175000.0,55000.0,0.49973921831104495,False
180000.0,55000.0,0.4960430516521784,False
185000.0,55000.0,0.49234604284697825,False
190000.0,55000.0,0.4877380098117667,False
195000.0,55000.0,0.48331258483223566,False
200000.0,55000.0,0.4790592006017044,False
205000.0,55000.0,0.4751179886772819,False
210000.0,55000.0,0.47122454395515034,False
215000.0,55000.0,0.4671154346431502,False
220000.0,55000.0,0.4636670145109503,False
225000.0,55000.0,0.461006130842722,False
230000.0,55000.0,0.45841290287861564,False
235000.0,55000.0,0.4558852755718214,False
240000.0,55000.0,0.4534212271325913,False
245000.0,55000.0,0.4510187758064141,False
250000.0,55000.0,0.448675984973051,False
255000.0,55000.0,0.4463909668789532,False
260000.0,55000.0,0.44416188525913636,False
265000.0,55000.0,0.4419869570586131,False
270000.0,55000.0,0.4398644534259352,False
275000.0,55000.0,0.4379816024830311,False
280000.0,55000.0,0.43630133062518744,False
285000.0,55000.0,0.4346552607873753,False
290000.0,55000.0,0.4330425803499135,False
295000.0,55000.0,0.43146248386642133,False
300000.0,55000.0,0.4299141753740726,False
60000.0,60000.0,0.5829651426735095,True
65000.0,60000.0,0.5779906645623983,True
70000.0,60000.0,0.5759167685857005,True
75000.0,60000.0,0.572588611174134,True
80000.0,60000.0,0.5690007776355931,True
85000.0,60000.0,0.5652546981707376,True
90000.0,60000.0,0.5614241838810656,True
95000.0,60000.0,0.5575630468975648,True
100000.0,60000.0,0.5537104778876971,True
105000.0,60000.0,0.5498948902276595,True
110000.0,60000.0,0.5461366997517916,True
115000.0,60000.0,0.5424503554219929,True
120000.0,60000.0,0.5388458362893245,True
125000.0,60000.0,0.5357076152781798,True
130000.0,60000.0,0.5313428067362345,True
135000.0,60000.0,0.5267492101131871,True
140000.0,60000.0,0.5222865233086283,True
145000.0,60000.0,0.51795425050508,True
150000.0,60000.0,0.5137508679147484,True
155000.0,60000.0,0.5096740972555466,True
160000.0,60000.0,0.5057211162944005,True
165000.0,60000.0,0.5018887210845434,True
170000.0,60000.0,0.4981734509659228,False
175000.0,60000.0,0.4945716847541315,False
180000.0,60000.0,0.4910797145652522,False
185000.0,60000.0,0.4875763445444033,False
190000.0,60000.0,0.4831606466499548,False
195000.0,60000.0,0.47891616977493534,False
200000.0,60000.0,0.47483322658082056,False
205000.0,60000.0,0.47095554789274835,False
210000.0,60000.0,0.4668611717836999,False
215000.0,60000.0,0.46291075528724795,False
220000.0,60000.0,0.45960803175879494,False
225000.0,60000.0,0.45707966335793687,False
230000.0,60000.0,0.45461264884123914,False
235000.0,60000.0,0.45220532013802217,False
240000.0,60000.0,0.44985601378487655,False
245000.0,60000.0,0.4475630801432215,False
250000.0,60000.0,0.44532489070794445,False
255000.0,60000.0,0.443139843842645,False
260000.0,60000.0,0.4410063692182547,False
265000.0,60000.0,0.43892293118371706,False
270000.0,60000.0,0.4368880312579593,False
275000.0,60000.0,0.435087864187034,False
280000.0,60000.0,0.43348587267709454,False
285000.0,60000.0,0.4319149835792897,False
290000.0,60000.0,0.43037454363595834,False
295000.0,60000.0,0.42886389681813764,False
300000.0,60000.0,0.42738238735575723,False
65000.0,65000.0,0.5689043664469604,True
70000.0,65000.0,0.5650410161866704,True
75000.0,65000.0,0.5623776684420252,True
80000.0,65000.0,0.5594020405030667,True
85000.0,65000.0,0.5562196435874962,True
90000.0,65000.0,0.5529083432026135,True
95000.0,65000.0,0.5495258284158122,True
100000.0,65000.0,0.5461149134972382,True
105000.0,65000.0,0.5427073505496482,True
110000.0,65000.0,0.539326603528778,True
115000.0,65000.0,0.5359898877682056,True
120000.0,65000.0,0.532709683562881,True
125000.0,65000.0,0.5283839087000152,True
130000.0,65000.0,0.5240216457264313,True
135000.0,65000.0,0.5197653229491722,True
140000.0,65000.0,0.5156178188515466,True
145000.0,65000.0,0.5115804426428967,True
150000.0,65000.0,0.5076533074014079,True
155000.0,65000.0,0.5038356197070609,True
160000.0,65000.0,0.5001259050742988,True
165000.0,65000.0,0.49652218377697777,False
170000.0,65000.0,0.49302210816411085,False
175000.0,65000.0,0.48962306995767835,False
180000.0,65000.0,0.48632228406485345,False
185000.0,65000.0,0.48300049859188104,False
190000.0,65000.0,0.4787656136864244,False
195000.0,65000.0,0.47469145748654157,False
200000.0,65000.0,0.4706732805563096,False
205000.0,65000.0,0.4665946665294445,False
210000.0,65000.0,0.46265878114214287,False
215000.0,65000.0,0.4588583928963628,False
220000.0,65000.0,0.4556934721212731,False
225000.0,65000.0,0.45329046190839006,False
230000.0,65000.0,0.45094296618856144,False
235000.0,65000.0,0.44864966736574413,False
240000.0,65000.0,0.4464092271780041,False
245000.0,65000.0,0.4442202979989277,False
250000.0,65000.0,0.44208153204200945,False
255000.0,65000.0,0.43999158882120515,False
260000.0,65000.0,0.4379491411605056,False
265000.0,65000.0,0.4359528799958272,False
270000.0,65000.0,0.4340015181716866,False
275000.0,65000.0,0.4322802367530565,False
280000.0,65000.0,0.43075296785783085,False
285000.0,65000.0,0.429253894148856,False
290000.0,65000.0,0.42778250897055353,False
295000.0,65000.0,0.42633829394750083,False
300000.0,65000.0,0.4249207226456534,False
70000.0,70000.0,0.5549646693209099,True
75000.0,70000.0,0.5528906595999474,True
80000.0,70000.0,0.5504605350431775,True
85000.0,70000.0,0.5477827468470097,True
90000.0,70000.0,0.5449382218335056,True
95000.0,70000.0,0.5419876672636602,True
100000.0,70000.0,0.5389767809572359,True
105000.0,70000.0,0.5359400168768523,True
110000.0,70000.0,0.5329033390915852,True
115000.0,70000.0,0.5298862573981099,True
120000.0,70000.0,0.5254269619765255,True
125000.0,70000.0,0.5211035171683346,True
130000.0,70000.0,0.5170739218855768,True
135000.0,70000.0,0.5131288099029808,True
140000.0,70000.0,0.5092727624986484,True
145000.0,70000.0,0.5055086422795848,True
150000.0,70000.0,0.501837978638111,True
155000.0,70000.0,0.49826126929605147,False
160000.0,70000.0,0.4947782170006132,False
165000.0,70000.0,0.49138791583800956,False
170000.0,70000.0,0.4880889982133211,False
175000.0,70000.0,0.4848797509859761,False
180000.0,70000.0,0.4817582073206485,False
185000.0,70000.0,0.47860692240261227,False
190000.0,70000.0,0.4745422295138833,False
195000.0,70000.0,0.47053275348080087,False
200000.0,70000.0,0.46631501288844357,False
205000.0,70000.0,0.4623946748005707,False
210000.0,70000.0,0.45860862455558904,False
215000.0,70000.0,0.454950218060304,False
220000.0,70000.0,0.4519157622305601,False
225000.0,70000.0,0.44963145209216643,False
230000.0,70000.0,0.4473972392002583,False
235000.0,70000.0,0.4452121237578611,False
240000.0,70000.0,0.44307506299006194,False
245000.0,70000.0,0.44098498422428406,False
250000.0,70000.0,0.4389407957203364,False
255000.0,70000.0,0.4369413956167346,False
260000.0,70000.0,0.43498567929846255,False
265000.0,70000.0,0.433072545440809,False
270000.0,70000.0,0.4312009009421449,False
275000.0,70000.0,0.4295549328463825,False
280000.0,70000.0,0.428099037770953,False
285000.0,70000.0,0.4266686088657306,False
290000.0,70000.0,0.42526327445191,False
295000.0,70000.0,0.42388264307412316,False
300000.0,70000.0,0.4225263077145431,False
75000.0,75000.0,0.544053232322977,True
80000.0,75000.0,0.5421109940886035,True
85000.0,75000.0,0.539886510463624,True
90000.0,75000.0,0.5374629915135944,True
95000.0,75000.0,0.5349034809351829,True
100000.0,75000.0,0.5322559659269384,True
105000.0,75000.0,0.5295570859619861,True
110000.0,75000.0,0.5268348570566939,True
115000.0,75000.0,0.5226421351226215,True
120000.0,75000.0,0.5181873130366059,True
125000.0,75000.0,0.5141944832394695,True
130000.0,75000.0,0.510471773421789,True
135000.0,75000.0,0.5068143826351611,True
140000.0,75000.0,0.5032283513237619,True
145000.0,75000.0,0.49971788133174116,False
150000.0,75000.0,0.4962857297833993,False
155000.0,75000.0,0.49293351918281125,False
160000.0,75000.0,0.48966198248089393,False
165000.0,75000.0,0.486471157386051,False
170000.0,75000.0,0.4833605408608018,False
175000.0,75000.0,0.48032921224299735,False
180000.0,75000.0,0.477375931536587,False
185000.0,75000.0,0.4743849381097559,False
190000.0,75000.0,0.4703848328730802,False
195000.0,75000.0,0.46617578704382046,False
200000.0,75000.0,0.46211753842576136,False
205000.0,75000.0,0.4583468302246878,False
210000.0,75000.0,0.4547025770388937,False
215000.0,75000.0,0.4511786697637092,False
220000.0,75000.0,0.44826784913936885,False
225000.0,75000.0,0.4460960374299794,False
230000.0,75000.0,0.4439692916686631,False
235000.0,75000.0,0.4418869005574919,False
240000.0,75000.0,0.43984809010982606,False
245000.0,75000.0,0.4378520382474003,False
250000.0,75000.0,0.43589788702324517,False
255000.0,75000.0,0.4339847528466932,False
260000.0,75000.0,0.43211173502486716,False
265000.0,75000.0,0.4302779228839285,False
270000.0,75000.0,0.4284824016909976,False
275000.0,75000.0,0.42690838402301123,False
280000.0,75000.0,0.4255207078893711,False
285000.0,75000.0,0.4241559341655359,False
290000.0,75000.0,0.4228138155453359,False
295000.0,75000.0,0.4214940776888065,False
300000.0,75000.0,0.42019642392040457,False
80000.0,80000.0,0.534296515483728,True
85000.0,80000.0,0.532480577367667,True
90000.0,80000.0,0.5304379460992477,True
95000.0,80000.0,0.5282334582524935,True
100000.0,80000.0,0.5259169112705333,True
105000.0,80000.0,0.5235267096688149,True
110000.0,80000.0,0.5196324507473699,True
115000.0,80000.0,0.5154408572032999,True
120000.0,80000.0,0.5113169435047863,True
125000.0,80000.0,0.5076291002759891,True
130000.0,80000.0,0.5041900429413736,True
135000.0,80000.0,0.5007991492600965,True
140000.0,80000.0,0.49746371182808014,False
145000.0,80000.0,0.4941890888680207,False
150000.0,80000.0,0.4909791034891489,False
155000.0,80000.0,0.4878363596876779,False
160000.0,80000.0,0.4847624934756344,False
165000.0,80000.0,0.48175837318204134,False
170000.0,80000.0,0.4788242597240014,False
175000.0,80000.0,0.47595993520068874,False
180000.0,80000.0,0.4731648063096108,False
185000.0,80000.0,0.4702289194764609,False
190000.0,80000.0,0.46602923612847164,False
195000.0,80000.0,0.461979565804627,False
200000.0,80000.0,0.458072119926632,False
205000.0,80000.0,0.4544430124547553,False
210000.0,80000.0,0.45093308169234786,False
215000.0,80000.0,0.4475367065629265,False
220000.0,80000.0,0.44474315637363804,False
225000.0,80000.0,0.44267805967692936,False
230000.0,80000.0,0.44065335099650166,False
235000.0,80000.0,0.4386685812176322,False
240000.0,80000.0,0.4367232211150834,False
245000.0,80000.0,0.43481667724151407,False
250000.0,80000.0,0.43294830534233225,False
255000.0,80000.0,0.4311174216801062,False
260000.0,80000.0,0.429323312589628,False
265000.0,80000.0,0.4275652425333321,False
270000.0,80000.0,0.42584246088408767,False
275000.0,80000.0,0.4243372251412824,False
280000.0,80000.0,0.4230147932406113,False
285000.0,80000.0,0.4217128533891461,False
290000.0,80000.0,0.4204312729695865,False
295000.0,80000.0,0.4191698857911602,False
300000.0,80000.0,0.417928497211376,False
85000.0,85000.0,0.5255206558524553,True
90000.0,85000.0,0.5238236067682425,True
95000.0,85000.0,0.5219423108017122,True
100000.0,85000.0,0.5199279877758313,True
105000.0,85000.0,0.5163695293374221,True
110000.0,85000.0,0.5124726420709187,True
115000.0,85000.0,0.5086069014662663,True
120000.0,85000.0,0.5047883017957664,True
125000.0,85000.0,0.5013823509786195,True
130000.0,85000.0,0.4982059570953738,False
135000.0,85000.0,0.4950623370402874,False
140000.0,85000.0,0.4919598591070213,False
145000.0,85000.0,0.4889048812917454,False
150000.0,85000.0,0.4859021535519432,False
155000.0,85000.0,0.48295513760761,False
160000.0,85000.0,0.4800662622864638,False
165000.0,85000.0,0.47723712819818426,False
170000.0,85000.0,0.4744686723643592,False
175000.0,85000.0,0.4717613010473037,False
180000.0,85000.0,0.46901947707660874,False
185000.0,85000.0,0.465874766434615,False
190000.0,85000.0,0.4618343340484467,False
195000.0,85000.0,0.45793535513023376,False
200000.0,85000.0,0.4541706419109477,False
205000.0,85000.0,0.4506756689048816,False
210000.0,85000.0,0.4472931009051374,False
215000.0,85000.0,0.4440177627103842,False
220000.0,85000.0,0.4413355443646545,False
225000.0,85000.0,0.43937176302465614,False
230000.0,85000.0,0.43744401575733316,False
235000.0,85000.0,0.4355520919586417,False
240000.0,85000.0,0.4336956855095766,False
245000.0,85000.0,0.43187441176162067,False
250000.0,85000.0,0.4300878219698494,False
255000.0,85000.0,0.42833541556132754,False
260000.0,85000.0,0.4266166505645141,False
265000.0,85000.0,0.4249309524739843,False
270000.0,85000.0,0.42327772178198486,False
275000.0,85000.0,0.4218382800869513,False
280000.0,85000.0,0.42057828528150953,False
285000.0,85000.0,0.41933651470058064,False
290000.0,85000.0,0.41811294156262796,False
295000.0,85000.0,0.41690749961772083,False
300000.0,85000.0,0.4157200886394069,False
90000.0,90000.0,0.5175849797049717,True
95000.0,90000.0,0.515998648407423,True
100000.0,90000.0,0.5128200058923399,True
105000.0,90000.0,0.5092546791561301,True
110000.0,90000.0,0.5056780403170806,True
115000.0,90000.0,0.502112862352976,True
120000.0,90000.0,0.49857651061230435,False
125000.0,90000.0,0.4954315888167532,False
130000.0,90000.0,0.49249885070977156,False
135000.0,90000.0,0.48958505271576835,False
140000.0,90000.0,0.4866994879792991,False
145000.0,90000.0,0.48384937976686543,False
150000.0,90000.0,0.48104028486673733,False
155000.0,90000.0,0.47827641553086364,False
160000.0,90000.0,0.47556089756193304,False
165000.0,90000.0,0.4728959780561047,False
170000.0,90000.0,0.47028319324065876,False
175000.0,90000.0,0.467628267723285,False
180000.0,90000.0,0.46467652304249324,False
185000.0,90000.0,0.4616812547936222,False
190000.0,90000.0,0.4577913947459108,False
195000.0,90000.0,0.45403504196354,False
200000.0,90000.0,0.45040555631946094,False
205000.0,90000.0,0.44703776598163536,False
210000.0,90000.0,0.4437760725035947,False
215000.0,90000.0,0.44061570865124816,False
220000.0,90000.0,0.4380392747597704,False
225000.0,90000.0,0.43617176175612654,False
230000.0,90000.0,0.43433622633522945,False
235000.0,90000.0,0.4325326750769588,False
240000.0,90000.0,0.43076100542244466,False
245000.0,90000.0,0.42902102358894234,False
250000.0,90000.0,0.42731245987088934,False
255000.0,90000.0,0.4256349817173834,False
260000.0,90000.0,0.42398820491473305,False
265000.0,90000.0,0.4223717031514972,False
270000.0,90000.0,0.42078501620070213,False
275000.0,90000.0,0.4194085486843876,False
280000.0,90000.0,0.41820833984860906,False
285000.0,90000.0,0.41702421998175926,False
290000.0,90000.0,0.41585626003565707,False
295000.0,90000.0,0.4147044861787776,False
300000.0,90000.0,0.4135688856111,False
95000.0,95000.0,0.508944384872821,True
100000.0,95000.0,0.5057540631815547,True
105000.0,95000.0,0.5025027426582876,True
110000.0,95000.0,0.49922139774482305,False
115000.0,95000.0,0.49593399441889113,False
120000.0,95000.0,0.49265905015850886,False
125000.0,95000.0,0.4897562636948903,False
130000.0,95000.0,0.48704992835594535,False
135000.0,95000.0,0.4843500746414493,False
140000.0,95000.0,0.48166679123645467,False
145000.0,95000.0,0.47900805084776377,False
150000.0,95000.0,0.47638011329933394,False
155000.0,95000.0,0.47378784830507104,False
160000.0,95000.0,0.4712349951204928,False
165000.0,95000.0,0.4687243723018775,False
170000.0,95000.0,0.46616310940785055,False
175000.0,95000.0,0.46329819579443077,False
180000.0,95000.0,0.4604937972348953,False
185000.0,95000.0,0.45763965556065267,False
190000.0,95000.0,0.4538923077142515,False
195000.0,95000.0,0.4502710804988925,False
200000.0,95000.0,0.4467698337743269,False
205000.0,95000.0,0.4435227452573317,False
210000.0,95000.0,0.4403758702693587,False
215000.0,95000.0,0.4373248153923506,False
220000.0,95000.0,0.43484897817528484,False
225000.0,95000.0,0.4330730109707049,False
230000.0,95000.0,0.4313252383079983,False
235000.0,95000.0,0.4296058647097061,False
240000.0,95000.0,0.42791497350981106,False
245000.0,95000.0,0.42625254555328834,False
250000.0,95000.0,0.4246184752348952,False
255000.0,95000.0,0.42301258426850424,False
260000.0,95000.0,0.42143463351718463,False
265000.0,95000.0,0.419884333163327,False
270000.0,95000.0,0.4183613514555768,False
275000.0,95000.0,0.41704519468048634,False
280000.0,95000.0,0.4159022660827948,False
285000.0,95000.0,0.4147734146132024,False
290000.0,95000.0,0.41365880153378976,False
295000.0,95000.0,0.4125585385305897,False
300000.0,95000.0,0.41147269380976037,False
100000.0,100000.0,0.49904853948605077,False
105000.0,100000.0,0.4960866431992537,False
110000.0,100000.0,0.49307811140860064,False
115000.0,100000.0,0.4900478972257792,False
120000.0,100000.0,0.4870154853415067,False
125000.0,100000.0,0.4843376848508432,False
130000.0,100000.0,0.4818420575643461,False
135000.0,100000.0,0.47934167191399846,False
140000.0,100000.0,0.4768473009915617,False
145000.0,100000.0,0.47436756694372556,False
150000.0,100000.0,0.47190934264424883,False
155000.0,100000.0,0.4694780742672663,False
160000.0,100000.0,0.46707804156525523,False
165000.0,100000.0,0.4646179450764931,False
170000.0,100000.0,0.461846604325423,False
175000.0,100000.0,0.45912787682183714,False
180000.0,100000.0,0.4564625931122073,False
185000.0,100000.0,0.453741860917396,False
190000.0,100000.0,0.45012952951997814,False
195000.0,100000.0,0.4466364434571803,False
200000.0,100000.0,0.44325691977865556,False
205000.0,100000.0,0.4401244840107291,False
210000.0,100000.0,0.43708676832769905,False
215000.0,100000.0,0.4341397223076672,False
220000.0,100000.0,0.43175962501029497,False
225000.0,100000.0,0.4300707800447878,False
230000.0,100000.0,0.4284065982794431,False
235000.0,100000.0,0.42676746479553707,False
240000.0,100000.0,0.4251536328291631,False
245000.0,100000.0,0.4235652431303239,False
250000.0,100000.0,0.42200234062652725,False
255000.0,100000.0,0.42046488878200294,False
260000.0,100000.0,0.4189527819831812,False
265000.0,100000.0,0.41746585623060006,False
270000.0,100000.0,0.4160038983751816,False
275000.0,100000.0,0.4147455347001051,False
280000.0,100000.0,0.4136575162374859,False
285000.0,100000.0,0.4125816780592976,False
290000.0,100000.0,0.41151826493028415,False
295000.0,100000.0,0.4104674677171684,False
300000.0,100000.0,0.4094294297293367,False
105000.0,105000.0,0.4899819323224453,False
110000.0,105000.0,0.4872259098652323,False
115000.0,105000.0,0.48443424398924667,False
120000.0,105000.0,0.48162722999651986,False
125000.0,105000.0,0.4791588152209474,False
130000.0,105000.0,0.47685958888796104,False
135000.0,105000.0,0.4745454464863955,False
140000.0,105000.0,0.4722277497731237,False
145000.0,105000.0,0.4699156837966144,False
150000.0,105000.0,0.46761665628599464,False
155000.0,105000.0,0.4653366192180027,False
160000.0,105000.0,0.46298603760812485,False
165000.0,105000.0,0.46031574766782807,False
170000.0,105000.0,0.4576893516662721,False
175000.0,105000.0,0.4551086300893105,False
180000.0,105000.0,0.45257482370966273,False
185000.0,105000.0,0.44998032993070264,False
190000.0,105000.0,0.44649603509313407,False
195000.0,105000.0,0.44312457829846386,False
200000.0,105000.0,0.43986069528086064,False
205000.0,105000.0,0.43683725963568293,False
210000.0,105000.0,0.43390340897051694,False
215000.0,105000.0,0.43105540799977354,False
220000.0,105000.0,0.4287664989878194,False
225000.0,105000.0,0.427160628534353,False
230000.0,105000.0,0.4255761219017348,False
235000.0,105000.0,0.42401352900298683,False
240000.0,105000.0,0.42247325848406464,False
245000.0,105000.0,0.42095559763423,False
250000.0,105000.0,0.41946072957642955,False
255000.0,105000.0,0.4179887481276169,False
260000.0,105000.0,0.4165396706591778,False
265000.0,105000.0,0.4151134492376824,False
270000.0,105000.0,0.4137099802843403,False
275000.0,105000.0,0.41250702808260253,False
280000.0,105000.0,0.4114716762892321,False
285000.0,105000.0,0.41044671518519177,False
290000.0,105000.0,0.40943246678864254,False
295000.0,105000.0,0.4084291953224596,False
300000.0,105000.0,0.4074371137668548,False
110000.0,110000.0,0.48164458338404287,False
115000.0,110000.0,0.4790745470534514,False
120000.0,110000.0,0.4764773424028507,False
125000.0,110000.0,0.47420409250554113,False
130000.0,110000.0,0.47208819883441466,False
135000.0,110000.0,0.4699481949323614,False
140000.0,110000.0,0.46779594855543516,False
145000.0,110000.0,0.46564113259985196,False
150000.0,110000.0,0.46349162155392987,False
155000.0,110000.0,0.46125987161313425,False
160000.0,110000.0,0.45869895108391007,False
165000.0,110000.0,0.45617227481749456,False
170000.0,110000.0,0.45368269791235344,False
175000.0,110000.0,0.45123239261970416,False
180000.0,110000.0,0.44882296748961,False
185000.0,110000.0,0.44634803985913973,False
190000.0,110000.0,0.44298527395369086,False
195000.0,110000.0,0.4397293677980981,False
200000.0,110000.0,0.4365754411046425,False
205000.0,110000.0,0.4336557174825138,False
210000.0,110000.0,0.43082077353366294,False
215000.0,110000.0,0.4280671638841219,False
220000.0,110000.0,0.42586517313042616,False
225000.0,110000.0,0.4243383842612504,False
230000.0,110000.0,0.4228298738597913,False
235000.0,110000.0,0.4213403424244048,False
240000.0,110000.0,0.4198703408601464,False
245000.0,110000.0,0.4184202908466913,False
250000.0,110000.0,0.41699050247035335,False
255000.0,110000.0,0.41558118950815115,False
260000.0,110000.0,0.4141924826928761,False
265000.0,110000.0,0.412824441238774,False
270000.0,110000.0,0.41147706286604196,False
275000.0,110000.0,0.4103272675185501,False
280000.0,110000.0,0.4093424572779669,False
285000.0,110000.0,0.4083663482398238,False
290000.0,110000.0,0.4073993339335734,False
295000.0,110000.0,0.40644174657965065,False
300000.0,110000.0,0.4054938638252,False
115000.0,115000.0,0.4739519544908776,False
120000.0,115000.0,0.47155034735071705,False
125000.0,115000.0,0.4694592729757329,False
130000.0,115000.0,0.4675147523461975,False
135000.0,115000.0,0.4655377870654955,False
140000.0,115000.0,0.46354067936419924,False
145000.0,115000.0,0.46153352475733406,False
150000.0,115000.0,0.45943103770986904,False
155000.0,115000.0,0.45698876877390043,False
160000.0,115000.0,0.4545700316195598,False
165000.0,115000.0,0.4521789016907721,False
170000.0,115000.0,0.4498186053491892,False
175000.0,115000.0,0.4474916651858121,False
180000.0,115000.0,0.4452000197733111,False
185000.0,115000.0,0.4428384423938963,False
190000.0,115000.0,0.43959113080006523,False
195000.0,115000.0,0.4364450944873353,False
200000.0,115000.0,0.43339580580963327,False
205000.0,115000.0,0.43057484175195043,False
210000.0,115000.0,0.42783415599559194,False
215000.0,115000.0,0.4251705702038557,False
220000.0,115000.0,0.42305148791298214,False
225000.0,115000.0,0.4216001233557947,False
230000.0,115000.0,0.4201641496163144,False
235000.0,115000.0,0.41874440485690195,False
240000.0,115000.0,0.4173415702937224,False
245000.0,115000.0,0.4159561909410208,False
250000.0,115000.0,0.41458869361077283,False
255000.0,115000.0,0.41323940255304265,False
260000.0,115000.0,0.41190855306421,False
265000.0,115000.0,0.41059630334152575,False
270000.0,115000.0,0.409302744821531,False
275000.0,115000.0,0.4082039704140687,False
280000.0,115000.0,0.4072676873116081,False
285000.0,115000.0,0.40633850944622946,False
290000.0,115000.0,0.4054168965776732,False
295000.0,115000.0,0.4045032439895823,False
300000.0,115000.0,0.40359788938279717,False
120000.0,120000.0,0.46683208082210964,False
125000.0,120000.0,0.46491129471943904,False
130000.0,120000.0,0.46312718204832604,False
135000.0,120000.0,0.46130305906331137,False
140000.0,120000.0,0.45945160046506617,False
145000.0,120000.0,0.457490095519414,False
150000.0,120000.0,0.45517686922403866,False
155000.0,120000.0,0.452875243295106,False
160000.0,120000.0,0.45059068467391467,False
165000.0,120000.0,0.44832761721533754,False
170000.0,120000.0,0.4460895982459185,False
175000.0,120000.0,0.44387946388623123,False
180000.0,120000.0,0.4416994490943945,False
185000.0,120000.0,0.43944542426036204,False
190000.0,120000.0,0.4363078899609008,False
195000.0,120000.0,0.43326640852356635,False
200000.0,120000.0,0.4303167766027816,False
205000.0,120000.0,0.4275899291088556,False
210000.0,120000.0,0.424939139005234,False
215000.0,120000.0,0.4223614742181916,False
220000.0,120000.0,0.4203215313657711,False
225000.0,120000.0,0.418942152054895,False
230000.0,120000.0,0.4175754587394073,False
235000.0,120000.0,0.41622241551207795,False
240000.0,120000.0,0.41488382303220167,False
245000.0,120000.0,0.41356033957586763,False
250000.0,120000.0,0.41225249933888525,False
255000.0,120000.0,0.4109607283745858,False
260000.0,120000.0,0.4096853584914056,False
265000.0,120000.0,0.40842663938712065,False
270000.0,120000.0,0.4071847492562069,False
275000.0,120000.0,0.4061349709176682,False
280000.0,120000.0,0.40524530417629934,False
285000.0,120000.0,0.40436123414612224,False
290000.0,120000.0,0.4034832819559299,False
295000.0,120000.0,0.40261190140491643,False
300000.0,120000.0,0.4017474859909079,False
